>HL_00311.2,http://rna.bgsu.edu/img/MotifAtlas/HL1.18/HL_00311.2.png,3J7A,http://iimcb.genesilico.pl/rnabricks2//site_media//data/varna_images/73361_varna.jpg
>HL_00311.2,http://rna.bgsu.edu/img/MotifAtlas/HL1.18/HL_00311.2.png,1FJG,http://iimcb.genesilico.pl/rnabricks2//site_media//data/varna_images/84349_varna.jpg
>HL_00394.1,http://rna.bgsu.edu/img/MotifAtlas/HL1.18/HL_00394.1.png,3QSY,http://iimcb.genesilico.pl/rnabricks2//site_media//data/varna_images/11202_varna.jpg
>HL_00721.1,http://rna.bgsu.edu/img/MotifAtlas/HL1.18/HL_00721.1.png,2Y8W,http://iimcb.genesilico.pl/rnabricks2//site_media//data/varna_images/12751_varna.jpg
>HL_06122.2,http://rna.bgsu.edu/img/MotifAtlas/HL1.18/HL_06122.2.png,4P5J,http://iimcb.genesilico.pl/rnabricks2//site_media//data/varna_images/170672_varna.jpg
>HL_06643.3,http://rna.bgsu.edu/img/MotifAtlas/HL1.18/HL_06643.3.png,3AM1,http://iimcb.genesilico.pl/rnabricks2//site_media//data/varna_images/46075_varna.jpg
>HL_08382.4,http://rna.bgsu.edu/img/MotifAtlas/HL1.18/HL_08382.4.png,1JBS,http://iimcb.genesilico.pl/rnabricks2//site_media//data/varna_images/174626_varna.jpg
>HL_08382.4,http://rna.bgsu.edu/img/MotifAtlas/HL1.18/HL_08382.4.png,2QUW,http://iimcb.genesilico.pl/rnabricks2//site_media//data/varna_images/171060_varna.jpg
>HL_11257.1,http://rna.bgsu.edu/img/MotifAtlas/HL1.18/HL_11257.1.png,3WQY,http://iimcb.genesilico.pl/rnabricks2//site_media//data/varna_images/169795_varna.jpg
>HL_11376.1,http://rna.bgsu.edu/img/MotifAtlas/HL1.18/HL_11376.1.png,3OWZ,http://iimcb.genesilico.pl/rnabricks2//site_media//data/varna_images/20999_varna.jpg
>HL_11509.7,http://rna.bgsu.edu/img/MotifAtlas/HL1.18/HL_11509.7.png,2XD0,http://iimcb.genesilico.pl/rnabricks2//site_media//data/varna_images/21090_varna.jpg
>HL_11547.7,http://rna.bgsu.edu/img/MotifAtlas/HL1.18/HL_11547.7.png,4IOA,http://iimcb.genesilico.pl/rnabricks2//site_media//data/varna_images/12530_varna.jpg
>HL_11547.7,http://rna.bgsu.edu/img/MotifAtlas/HL1.18/HL_11547.7.png,3R4F,http://iimcb.genesilico.pl/rnabricks2//site_media//data/varna_images/16047_varna.jpg
>HL_11547.7,http://rna.bgsu.edu/img/MotifAtlas/HL1.18/HL_11547.7.png,3RKF,http://iimcb.genesilico.pl/rnabricks2//site_media//data/varna_images/67760_varna.jpg
>HL_12706.1,http://rna.bgsu.edu/img/MotifAtlas/HL1.18/HL_12706.1.png,3SIU,http://iimcb.genesilico.pl/rnabricks2//site_media//data/varna_images/69144_varna.jpg
>HL_15603.2,http://rna.bgsu.edu/img/MotifAtlas/HL1.18/HL_15603.2.png,1URN,http://iimcb.genesilico.pl/rnabricks2//site_media//data/varna_images/80479_varna.jpg
>HL_15603.2,http://rna.bgsu.edu/img/MotifAtlas/HL1.18/HL_15603.2.png,1VBY,http://iimcb.genesilico.pl/rnabricks2//site_media//data/varna_images/63552_varna.jpg
>HL_15603.2,http://rna.bgsu.edu/img/MotifAtlas/HL1.18/HL_15603.2.png,1U6B,http://iimcb.genesilico.pl/rnabricks2//site_media//data/varna_images/26747_varna.jpg
>HL_15603.2,http://rna.bgsu.edu/img/MotifAtlas/HL1.18/HL_15603.2.png,3UCZ,http://iimcb.genesilico.pl/rnabricks2//site_media//data/varna_images/69166_varna.jpg
>HL_15603.2,http://rna.bgsu.edu/img/MotifAtlas/HL1.18/HL_15603.2.png,4C4W,http://iimcb.genesilico.pl/rnabricks2//site_media//data/varna_images/182_varna.jpg
>HL_15603.2,http://rna.bgsu.edu/img/MotifAtlas/HL1.18/HL_15603.2.png,1M5O,http://iimcb.genesilico.pl/rnabricks2//site_media//data/varna_images/2130_varna.jpg
>HL_15603.2,http://rna.bgsu.edu/img/MotifAtlas/HL1.18/HL_15603.2.png,3P49,http://iimcb.genesilico.pl/rnabricks2//site_media//data/varna_images/14762_varna.jpg
>HL_17008.1,http://rna.bgsu.edu/img/MotifAtlas/HL1.18/HL_17008.1.png,1EC6,http://iimcb.genesilico.pl/rnabricks2//site_media//data/varna_images/18011_varna.jpg
>HL_17723.6,http://rna.bgsu.edu/img/MotifAtlas/HL1.18/HL_17723.6.png,4IOA,http://iimcb.genesilico.pl/rnabricks2//site_media//data/varna_images/12697_varna.jpg
>HL_17723.6,http://rna.bgsu.edu/img/MotifAtlas/HL1.18/HL_17723.6.png,1WZ2,http://iimcb.genesilico.pl/rnabricks2//site_media//data/varna_images/126998_varna.jpg
>HL_18156.7,http://rna.bgsu.edu/img/MotifAtlas/HL1.18/HL_18156.7.png,4IOA,http://iimcb.genesilico.pl/rnabricks2//site_media//data/varna_images/12544_varna.jpg
>HL_18587.3,http://rna.bgsu.edu/img/MotifAtlas/HL1.18/HL_18587.3.png,3J7A,http://iimcb.genesilico.pl/rnabricks2//site_media//data/varna_images/73288_varna.jpg
>HL_18781.9,http://rna.bgsu.edu/img/MotifAtlas/HL1.18/HL_18781.9.png,1QA6,http://iimcb.genesilico.pl/rnabricks2//site_media//data/varna_images/45279_varna.jpg
>HL_18781.9,http://rna.bgsu.edu/img/MotifAtlas/HL1.18/HL_18781.9.png,4KQY,http://iimcb.genesilico.pl/rnabricks2//site_media//data/varna_images/134799_varna.jpg
>HL_18781.9,http://rna.bgsu.edu/img/MotifAtlas/HL1.18/HL_18781.9.png,4UN3,http://iimcb.genesilico.pl/rnabricks2//site_media//data/varna_images/3469_varna.jpg
>HL_19066.1,http://rna.bgsu.edu/img/MotifAtlas/HL1.18/HL_19066.1.png,3J7A,http://iimcb.genesilico.pl/rnabricks2//site_media//data/varna_images/73351_varna.jpg
>HL_19066.1,http://rna.bgsu.edu/img/MotifAtlas/HL1.18/HL_19066.1.png,1Y0Q,http://iimcb.genesilico.pl/rnabricks2//site_media//data/varna_images/16368_varna.jpg
>HL_19132.1,http://rna.bgsu.edu/img/MotifAtlas/HL1.18/HL_19132.1.png,3IVK,http://iimcb.genesilico.pl/rnabricks2//site_media//data/varna_images/9990_varna.jpg
>HL_19399.1,http://rna.bgsu.edu/img/MotifAtlas/HL1.18/HL_19399.1.png,2QWY,http://iimcb.genesilico.pl/rnabricks2//site_media//data/varna_images/170984_varna.jpg
>HL_19452.1,http://rna.bgsu.edu/img/MotifAtlas/HL1.18/HL_19452.1.png,4GCW,http://iimcb.genesilico.pl/rnabricks2//site_media//data/varna_images/28864_varna.jpg
>HL_20028.1,http://rna.bgsu.edu/img/MotifAtlas/HL1.18/HL_20028.1.png,4IOA,http://iimcb.genesilico.pl/rnabricks2//site_media//data/varna_images/12669_varna.jpg
>HL_20199.1,http://rna.bgsu.edu/img/MotifAtlas/HL1.18/HL_20199.1.png,3SUX,http://iimcb.genesilico.pl/rnabricks2//site_media//data/varna_images/35080_varna.jpg
>HL_20199.1,http://rna.bgsu.edu/img/MotifAtlas/HL1.18/HL_20199.1.png,3DIR,http://iimcb.genesilico.pl/rnabricks2//site_media//data/varna_images/128772_varna.jpg
>HL_20199.1,http://rna.bgsu.edu/img/MotifAtlas/HL1.18/HL_20199.1.png,3D0U,http://iimcb.genesilico.pl/rnabricks2//site_media//data/varna_images/87199_varna.jpg
>HL_23290.2,http://rna.bgsu.edu/img/MotifAtlas/HL1.18/HL_23290.2.png,3D2V,http://iimcb.genesilico.pl/rnabricks2//site_media//data/varna_images/37102_varna.jpg
>HL_23337.1,http://rna.bgsu.edu/img/MotifAtlas/HL1.18/HL_23337.1.png,4QK9,http://iimcb.genesilico.pl/rnabricks2//site_media//data/varna_images/6445_varna.jpg
>HL_23337.1,http://rna.bgsu.edu/img/MotifAtlas/HL1.18/HL_23337.1.png,4R0D,http://iimcb.genesilico.pl/rnabricks2//site_media//data/varna_images/81852_varna.jpg
>HL_24108.1,http://rna.bgsu.edu/img/MotifAtlas/HL1.18/HL_24108.1.png,4IOA,http://iimcb.genesilico.pl/rnabricks2//site_media//data/varna_images/12490_varna.jpg
>HL_24473.3,http://rna.bgsu.edu/img/MotifAtlas/HL1.18/HL_24473.3.png,1WZ2,http://iimcb.genesilico.pl/rnabricks2//site_media//data/varna_images/126996_varna.jpg
>HL_24473.3,http://rna.bgsu.edu/img/MotifAtlas/HL1.18/HL_24473.3.png,2ZZM,http://iimcb.genesilico.pl/rnabricks2//site_media//data/varna_images/96198_varna.jpg
>HL_24711.1,http://rna.bgsu.edu/img/MotifAtlas/HL1.18/HL_24711.1.png,1L2X,http://iimcb.genesilico.pl/rnabricks2//site_media//data/varna_images/120392_varna.jpg
>HL_24711.1,http://rna.bgsu.edu/img/MotifAtlas/HL1.18/HL_24711.1.png,2A43,http://iimcb.genesilico.pl/rnabricks2//site_media//data/varna_images/18236_varna.jpg
>HL_25124.2,http://rna.bgsu.edu/img/MotifAtlas/HL1.18/HL_25124.2.png,3DH3,http://iimcb.genesilico.pl/rnabricks2//site_media//data/varna_images/176178_varna.jpg
>HL_25124.2,http://rna.bgsu.edu/img/MotifAtlas/HL1.18/HL_25124.2.png,3DH3,http://iimcb.genesilico.pl/rnabricks2//site_media//data/varna_images/176178_varna.jpg
>HL_25124.2,http://rna.bgsu.edu/img/MotifAtlas/HL1.18/HL_25124.2.png,4LGT,http://iimcb.genesilico.pl/rnabricks2//site_media//data/varna_images/103282_varna.jpg
>HL_26495.1,http://rna.bgsu.edu/img/MotifAtlas/HL1.18/HL_26495.1.png,4IOA,http://iimcb.genesilico.pl/rnabricks2//site_media//data/varna_images/12698_varna.jpg
>HL_26579.1,http://rna.bgsu.edu/img/MotifAtlas/HL1.18/HL_26579.1.png,2ZZN,http://iimcb.genesilico.pl/rnabricks2//site_media//data/varna_images/37384_varna.jpg
>HL_27271.4,http://rna.bgsu.edu/img/MotifAtlas/HL1.18/HL_27271.4.png,4IOA,http://iimcb.genesilico.pl/rnabricks2//site_media//data/varna_images/12617_varna.jpg
>HL_27271.4,http://rna.bgsu.edu/img/MotifAtlas/HL1.18/HL_27271.4.png,4M30,http://iimcb.genesilico.pl/rnabricks2//site_media//data/varna_images/168099_varna.jpg
>HL_27271.4,http://rna.bgsu.edu/img/MotifAtlas/HL1.18/HL_27271.4.png,4M30,http://iimcb.genesilico.pl/rnabricks2//site_media//data/varna_images/168099_varna.jpg
>HL_27353.2,http://rna.bgsu.edu/img/MotifAtlas/HL1.18/HL_27353.2.png,4TV0,http://iimcb.genesilico.pl/rnabricks2//site_media//data/varna_images/95587_varna.jpg
>HL_27397.1,http://rna.bgsu.edu/img/MotifAtlas/HL1.18/HL_27397.1.png,3KFU,http://iimcb.genesilico.pl/rnabricks2//site_media//data/varna_images/45238_varna.jpg
>HL_27429.5,http://rna.bgsu.edu/img/MotifAtlas/HL1.18/HL_27429.5.png,4IOA,http://iimcb.genesilico.pl/rnabricks2//site_media//data/varna_images/12556_varna.jpg
>HL_28339.2,http://rna.bgsu.edu/img/MotifAtlas/HL1.18/HL_28339.2.png,2Y8Y,http://iimcb.genesilico.pl/rnabricks2//site_media//data/varna_images/23299_varna.jpg
>HL_31147.2,http://rna.bgsu.edu/img/MotifAtlas/HL1.18/HL_31147.2.png,387D,http://iimcb.genesilico.pl/rnabricks2//site_media//data/varna_images/5736_varna.jpg
>HL_33402.8,http://rna.bgsu.edu/img/MotifAtlas/HL1.18/HL_33402.8.png,4IOA,http://iimcb.genesilico.pl/rnabricks2//site_media//data/varna_images/12645_varna.jpg
>HL_33402.8,http://rna.bgsu.edu/img/MotifAtlas/HL1.18/HL_33402.8.png,3J7A,http://iimcb.genesilico.pl/rnabricks2//site_media//data/varna_images/73278_varna.jpg
>HL_35865.1,http://rna.bgsu.edu/img/MotifAtlas/HL1.18/HL_35865.1.png,1U63,http://iimcb.genesilico.pl/rnabricks2//site_media//data/varna_images/16884_varna.jpg
>HL_36151.1,http://rna.bgsu.edu/img/MotifAtlas/HL1.18/HL_36151.1.png,1FJG,http://iimcb.genesilico.pl/rnabricks2//site_media//data/varna_images/84325_varna.jpg
>HL_37962.1,http://rna.bgsu.edu/img/MotifAtlas/HL1.18/HL_37962.1.png,2QBZ,http://iimcb.genesilico.pl/rnabricks2//site_media//data/varna_images/164814_varna.jpg
>HL_38130.2,http://rna.bgsu.edu/img/MotifAtlas/HL1.18/HL_38130.2.png,1XPE,http://iimcb.genesilico.pl/rnabricks2//site_media//data/varna_images/56131_varna.jpg
>HL_39895.11,http://rna.bgsu.edu/img/MotifAtlas/HL1.18/HL_39895.11.png,1I6U,http://iimcb.genesilico.pl/rnabricks2//site_media//data/varna_images/50549_varna.jpg
>HL_39895.11,http://rna.bgsu.edu/img/MotifAtlas/HL1.18/HL_39895.11.png,2HW8,http://iimcb.genesilico.pl/rnabricks2//site_media//data/varna_images/12774_varna.jpg
>HL_39895.11,http://rna.bgsu.edu/img/MotifAtlas/HL1.18/HL_39895.11.png,4JF2,http://iimcb.genesilico.pl/rnabricks2//site_media//data/varna_images/168472_varna.jpg
>HL_39895.11,http://rna.bgsu.edu/img/MotifAtlas/HL1.18/HL_39895.11.png,4PDB,http://iimcb.genesilico.pl/rnabricks2//site_media//data/varna_images/25283_varna.jpg
>HL_39895.11,http://rna.bgsu.edu/img/MotifAtlas/HL1.18/HL_39895.11.png,1UN6,http://iimcb.genesilico.pl/rnabricks2//site_media//data/varna_images/181546_varna.jpg
>HL_39895.11,http://rna.bgsu.edu/img/MotifAtlas/HL1.18/HL_39895.11.png,4AY2,http://iimcb.genesilico.pl/rnabricks2//site_media//data/varna_images/128786_varna.jpg
>HL_39895.11,http://rna.bgsu.edu/img/MotifAtlas/HL1.18/HL_39895.11.png,4U7U,http://iimcb.genesilico.pl/rnabricks2//site_media//data/varna_images/10281_varna.jpg
>HL_39895.11,http://rna.bgsu.edu/img/MotifAtlas/HL1.18/HL_39895.11.png,2NUE,http://iimcb.genesilico.pl/rnabricks2//site_media//data/varna_images/12338_varna.jpg
>HL_41827.1,http://rna.bgsu.edu/img/MotifAtlas/HL1.18/HL_41827.1.png,1FJG,http://iimcb.genesilico.pl/rnabricks2//site_media//data/varna_images/84313_varna.jpg
>HL_42094.2,http://rna.bgsu.edu/img/MotifAtlas/HL1.18/HL_42094.2.png,3WQY,http://iimcb.genesilico.pl/rnabricks2//site_media//data/varna_images/169793_varna.jpg
>HL_42094.2,http://rna.bgsu.edu/img/MotifAtlas/HL1.18/HL_42094.2.png,4MGN,http://iimcb.genesilico.pl/rnabricks2//site_media//data/varna_images/164534_varna.jpg
>HL_42255.1,http://rna.bgsu.edu/img/MotifAtlas/HL1.18/HL_42255.1.png,4P5J,http://iimcb.genesilico.pl/rnabricks2//site_media//data/varna_images/170671_varna.jpg
>HL_42436.1,http://rna.bgsu.edu/img/MotifAtlas/HL1.18/HL_42436.1.png,3Q3Z,http://iimcb.genesilico.pl/rnabricks2//site_media//data/varna_images/25678_varna.jpg
>HL_42553.1,http://rna.bgsu.edu/img/MotifAtlas/HL1.18/HL_42553.1.png,2NR0,http://iimcb.genesilico.pl/rnabricks2//site_media//data/varna_images/18176_varna.jpg
>HL_42553.1,http://rna.bgsu.edu/img/MotifAtlas/HL1.18/HL_42553.1.png,2NRE,http://iimcb.genesilico.pl/rnabricks2//site_media//data/varna_images/23975_varna.jpg
>HL_42677.2,http://rna.bgsu.edu/img/MotifAtlas/HL1.18/HL_42677.2.png,6MSF,http://iimcb.genesilico.pl/rnabricks2//site_media//data/varna_images/72880_varna.jpg
>HL_43821.1,http://rna.bgsu.edu/img/MotifAtlas/HL1.18/HL_43821.1.png,2ANN,http://iimcb.genesilico.pl/rnabricks2//site_media//data/varna_images/55902_varna.jpg
>HL_44390.1,http://rna.bgsu.edu/img/MotifAtlas/HL1.18/HL_44390.1.png,3Q50,http://iimcb.genesilico.pl/rnabricks2//site_media//data/varna_images/57744_varna.jpg
>HL_44467.1,http://rna.bgsu.edu/img/MotifAtlas/HL1.18/HL_44467.1.png,3TS2,http://iimcb.genesilico.pl/rnabricks2//site_media//data/varna_images/24050_varna.jpg
>HL_44467.1,http://rna.bgsu.edu/img/MotifAtlas/HL1.18/HL_44467.1.png,3TS2,http://iimcb.genesilico.pl/rnabricks2//site_media//data/varna_images/24050_varna.jpg
>HL_45018.5,http://rna.bgsu.edu/img/MotifAtlas/HL1.18/HL_45018.5.png,4TZX,http://iimcb.genesilico.pl/rnabricks2//site_media//data/varna_images/23295_varna.jpg
>HL_45018.5,http://rna.bgsu.edu/img/MotifAtlas/HL1.18/HL_45018.5.png,1Y26,http://iimcb.genesilico.pl/rnabricks2//site_media//data/varna_images/107328_varna.jpg
>HL_45018.5,http://rna.bgsu.edu/img/MotifAtlas/HL1.18/HL_45018.5.png,2D6F,http://iimcb.genesilico.pl/rnabricks2//site_media//data/varna_images/2169_varna.jpg
>HL_46175.6,http://rna.bgsu.edu/img/MotifAtlas/HL1.18/HL_46175.6.png,3R9X,http://iimcb.genesilico.pl/rnabricks2//site_media//data/varna_images/175560_varna.jpg
>HL_48039.4,http://rna.bgsu.edu/img/MotifAtlas/HL1.18/HL_48039.4.png,1U1Y,http://iimcb.genesilico.pl/rnabricks2//site_media//data/varna_images/128733_varna.jpg
>HL_51271.1,http://rna.bgsu.edu/img/MotifAtlas/HL1.18/HL_51271.1.png,2QUX,http://iimcb.genesilico.pl/rnabricks2//site_media//data/varna_images/33670_varna.jpg
>HL_52116.1,http://rna.bgsu.edu/img/MotifAtlas/HL1.18/HL_52116.1.png,1QU2,http://iimcb.genesilico.pl/rnabricks2//site_media//data/varna_images/18244_varna.jpg
>HL_52540.1,http://rna.bgsu.edu/img/MotifAtlas/HL1.18/HL_52540.1.png,2ZNI,http://iimcb.genesilico.pl/rnabricks2//site_media//data/varna_images/7124_varna.jpg
>HL_53789.1,http://rna.bgsu.edu/img/MotifAtlas/HL1.18/HL_53789.1.png,2B63,http://iimcb.genesilico.pl/rnabricks2//site_media//data/varna_images/3967_varna.jpg
>HL_54719.1,http://rna.bgsu.edu/img/MotifAtlas/HL1.18/HL_54719.1.png,4ILM,http://iimcb.genesilico.pl/rnabricks2//site_media//data/varna_images/19638_varna.jpg
>HL_55202.1,http://rna.bgsu.edu/img/MotifAtlas/HL1.18/HL_55202.1.png,1A9N,http://iimcb.genesilico.pl/rnabricks2//site_media//data/varna_images/45323_varna.jpg
>HL_55684.1,http://rna.bgsu.edu/img/MotifAtlas/HL1.18/HL_55684.1.png,4PQV,http://iimcb.genesilico.pl/rnabricks2//site_media//data/varna_images/17572_varna.jpg
>HL_56775.1,http://rna.bgsu.edu/img/MotifAtlas/HL1.18/HL_56775.1.png,1KOG,http://iimcb.genesilico.pl/rnabricks2//site_media//data/varna_images/7636_varna.jpg
>HL_57087.2,http://rna.bgsu.edu/img/MotifAtlas/HL1.18/HL_57087.2.png,4ILL,http://iimcb.genesilico.pl/rnabricks2//site_media//data/varna_images/168423_varna.jpg
>HL_57087.2,http://rna.bgsu.edu/img/MotifAtlas/HL1.18/HL_57087.2.png,2PJP,http://iimcb.genesilico.pl/rnabricks2//site_media//data/varna_images/23764_varna.jpg
>HL_57087.2,http://rna.bgsu.edu/img/MotifAtlas/HL1.18/HL_57087.2.png,2PLY,http://iimcb.genesilico.pl/rnabricks2//site_media//data/varna_images/12789_varna.jpg
>HL_57087.2,http://rna.bgsu.edu/img/MotifAtlas/HL1.18/HL_57087.2.png,4ILL,http://iimcb.genesilico.pl/rnabricks2//site_media//data/varna_images/168428_varna.jpg
>HL_57217.1,http://rna.bgsu.edu/img/MotifAtlas/HL1.18/HL_57217.1.png,2QUW,http://iimcb.genesilico.pl/rnabricks2//site_media//data/varna_images/171052_varna.jpg
>HL_57225.1,http://rna.bgsu.edu/img/MotifAtlas/HL1.18/HL_57225.1.png,4R0D,http://iimcb.genesilico.pl/rnabricks2//site_media//data/varna_images/81875_varna.jpg
>HL_57963.1,http://rna.bgsu.edu/img/MotifAtlas/HL1.18/HL_57963.1.png,1U9S,http://iimcb.genesilico.pl/rnabricks2//site_media//data/varna_images/94757_varna.jpg
>HL_58083.3,http://rna.bgsu.edu/img/MotifAtlas/HL1.18/HL_58083.3.png,2DU3,http://iimcb.genesilico.pl/rnabricks2//site_media//data/varna_images/173124_varna.jpg
>HL_58083.3,http://rna.bgsu.edu/img/MotifAtlas/HL1.18/HL_58083.3.png,2DU6,http://iimcb.genesilico.pl/rnabricks2//site_media//data/varna_images/164177_varna.jpg
>HL_58083.3,http://rna.bgsu.edu/img/MotifAtlas/HL1.18/HL_58083.3.png,4KR2,http://iimcb.genesilico.pl/rnabricks2//site_media//data/varna_images/24297_varna.jpg
>HL_58223.1,http://rna.bgsu.edu/img/MotifAtlas/HL1.18/HL_58223.1.png,2ZZN,http://iimcb.genesilico.pl/rnabricks2//site_media//data/varna_images/37375_varna.jpg
>HL_59182.1,http://rna.bgsu.edu/img/MotifAtlas/HL1.18/HL_59182.1.png,4JF2,http://iimcb.genesilico.pl/rnabricks2//site_media//data/varna_images/168471_varna.jpg
>HL_59225.1,http://rna.bgsu.edu/img/MotifAtlas/HL1.18/HL_59225.1.png,4IOA,http://iimcb.genesilico.pl/rnabricks2//site_media//data/varna_images/12636_varna.jpg
>HL_59516.1,http://rna.bgsu.edu/img/MotifAtlas/HL1.18/HL_59516.1.png,2CZJ,http://iimcb.genesilico.pl/rnabricks2//site_media//data/varna_images/117781_varna.jpg
>HL_59516.1,http://rna.bgsu.edu/img/MotifAtlas/HL1.18/HL_59516.1.png,3RG5,http://iimcb.genesilico.pl/rnabricks2//site_media//data/varna_images/35010_varna.jpg
>HL_59610.1,http://rna.bgsu.edu/img/MotifAtlas/HL1.18/HL_59610.1.png,1GAX,http://iimcb.genesilico.pl/rnabricks2//site_media//data/varna_images/18273_varna.jpg
>HL_60203.1,http://rna.bgsu.edu/img/MotifAtlas/HL1.18/HL_60203.1.png,2VPL,http://iimcb.genesilico.pl/rnabricks2//site_media//data/varna_images/104578_varna.jpg
>HL_61547.5,http://rna.bgsu.edu/img/MotifAtlas/HL1.18/HL_61547.5.png,4IOA,http://iimcb.genesilico.pl/rnabricks2//site_media//data/varna_images/12657_varna.jpg
>HL_62228.7,http://rna.bgsu.edu/img/MotifAtlas/HL1.18/HL_62228.7.png,4IOA,http://iimcb.genesilico.pl/rnabricks2//site_media//data/varna_images/12599_varna.jpg
>HL_62881.1,http://rna.bgsu.edu/img/MotifAtlas/HL1.18/HL_62881.1.png,3DHS,http://iimcb.genesilico.pl/rnabricks2//site_media//data/varna_images/83424_varna.jpg
>HL_63997.1,http://rna.bgsu.edu/img/MotifAtlas/HL1.18/HL_63997.1.png,2Y9H,http://iimcb.genesilico.pl/rnabricks2//site_media//data/varna_images/164719_varna.jpg
>HL_64371.5,http://rna.bgsu.edu/img/MotifAtlas/HL1.18/HL_64371.5.png,3DHS,http://iimcb.genesilico.pl/rnabricks2//site_media//data/varna_images/83425_varna.jpg
>HL_65924.1,http://rna.bgsu.edu/img/MotifAtlas/HL1.18/HL_65924.1.png,1FJG,http://iimcb.genesilico.pl/rnabricks2//site_media//data/varna_images/84264_varna.jpg
>HL_66174.4,http://rna.bgsu.edu/img/MotifAtlas/HL1.18/HL_66174.4.png,3FO4,http://iimcb.genesilico.pl/rnabricks2//site_media//data/varna_images/56390_varna.jpg
>HL_66174.4,http://rna.bgsu.edu/img/MotifAtlas/HL1.18/HL_66174.4.png,4LX6,http://iimcb.genesilico.pl/rnabricks2//site_media//data/varna_images/168461_varna.jpg
>HL_66174.4,http://rna.bgsu.edu/img/MotifAtlas/HL1.18/HL_66174.4.png,3LA5,http://iimcb.genesilico.pl/rnabricks2//site_media//data/varna_images/14713_varna.jpg
>HL_66174.4,http://rna.bgsu.edu/img/MotifAtlas/HL1.18/HL_66174.4.png,3RKF,http://iimcb.genesilico.pl/rnabricks2//site_media//data/varna_images/67758_varna.jpg
>HL_66880.1,http://rna.bgsu.edu/img/MotifAtlas/HL1.18/HL_66880.1.png,3IWN,http://iimcb.genesilico.pl/rnabricks2//site_media//data/varna_images/5802_varna.jpg
>HL_67000.1,http://rna.bgsu.edu/img/MotifAtlas/HL1.18/HL_67000.1.png,3T4B,http://iimcb.genesilico.pl/rnabricks2//site_media//data/varna_images/183626_varna.jpg
>HL_67042.17,http://rna.bgsu.edu/img/MotifAtlas/HL1.18/HL_67042.17.png,3DVZ,http://iimcb.genesilico.pl/rnabricks2//site_media//data/varna_images/32018_varna.jpg
>HL_67042.17,http://rna.bgsu.edu/img/MotifAtlas/HL1.18/HL_67042.17.png,1KH6,http://iimcb.genesilico.pl/rnabricks2//site_media//data/varna_images/6398_varna.jpg
>HL_67042.17,http://rna.bgsu.edu/img/MotifAtlas/HL1.18/HL_67042.17.png,2EZ6,http://iimcb.genesilico.pl/rnabricks2//site_media//data/varna_images/15002_varna.jpg
>HL_67042.17,http://rna.bgsu.edu/img/MotifAtlas/HL1.18/HL_67042.17.png,4QK8,http://iimcb.genesilico.pl/rnabricks2//site_media//data/varna_images/3784_varna.jpg
>HL_67042.17,http://rna.bgsu.edu/img/MotifAtlas/HL1.18/HL_67042.17.png,3GX5,http://iimcb.genesilico.pl/rnabricks2//site_media//data/varna_images/4220_varna.jpg
>HL_67042.17,http://rna.bgsu.edu/img/MotifAtlas/HL1.18/HL_67042.17.png,4IOA,http://iimcb.genesilico.pl/rnabricks2//site_media//data/varna_images/12667_varna.jpg
>HL_67042.17,http://rna.bgsu.edu/img/MotifAtlas/HL1.18/HL_67042.17.png,1MZP,http://iimcb.genesilico.pl/rnabricks2//site_media//data/varna_images/160325_varna.jpg
>HL_67042.17,http://rna.bgsu.edu/img/MotifAtlas/HL1.18/HL_67042.17.png,2OIU,http://iimcb.genesilico.pl/rnabricks2//site_media//data/varna_images/21065_varna.jpg
>HL_67042.17,http://rna.bgsu.edu/img/MotifAtlas/HL1.18/HL_67042.17.png,4K50,http://iimcb.genesilico.pl/rnabricks2//site_media//data/varna_images/11228_varna.jpg
>HL_67042.17,http://rna.bgsu.edu/img/MotifAtlas/HL1.18/HL_67042.17.png,4K50,http://iimcb.genesilico.pl/rnabricks2//site_media//data/varna_images/11228_varna.jpg
>HL_67042.17,http://rna.bgsu.edu/img/MotifAtlas/HL1.18/HL_67042.17.png,2PXV,http://iimcb.genesilico.pl/rnabricks2//site_media//data/varna_images/66101_varna.jpg
>HL_67042.17,http://rna.bgsu.edu/img/MotifAtlas/HL1.18/HL_67042.17.png,1UN6,http://iimcb.genesilico.pl/rnabricks2//site_media//data/varna_images/181548_varna.jpg
>HL_67042.17,http://rna.bgsu.edu/img/MotifAtlas/HL1.18/HL_67042.17.png,2XXA,http://iimcb.genesilico.pl/rnabricks2//site_media//data/varna_images/40596_varna.jpg
>HL_67042.17,http://rna.bgsu.edu/img/MotifAtlas/HL1.18/HL_67042.17.png,3GX5,http://iimcb.genesilico.pl/rnabricks2//site_media//data/varna_images/13974_varna.jpg
>HL_67042.17,http://rna.bgsu.edu/img/MotifAtlas/HL1.18/HL_67042.17.png,1U9S,http://iimcb.genesilico.pl/rnabricks2//site_media//data/varna_images/73405_varna.jpg
>HL_67042.17,http://rna.bgsu.edu/img/MotifAtlas/HL1.18/HL_67042.17.png,1GID,http://iimcb.genesilico.pl/rnabricks2//site_media//data/varna_images/46098_varna.jpg
>HL_67042.17,http://rna.bgsu.edu/img/MotifAtlas/HL1.18/HL_67042.17.png,4OO8,http://iimcb.genesilico.pl/rnabricks2//site_media//data/varna_images/13974_varna.jpg
>HL_67042.17,http://rna.bgsu.edu/img/MotifAtlas/HL1.18/HL_67042.17.png,1X8W,http://iimcb.genesilico.pl/rnabricks2//site_media//data/varna_images/48577_varna.jpg
>HL_67042.17,http://rna.bgsu.edu/img/MotifAtlas/HL1.18/HL_67042.17.png,4L81,http://iimcb.genesilico.pl/rnabricks2//site_media//data/varna_images/55878_varna.jpg
>HL_67042.17,http://rna.bgsu.edu/img/MotifAtlas/HL1.18/HL_67042.17.png,1FJG,http://iimcb.genesilico.pl/rnabricks2//site_media//data/varna_images/84270_varna.jpg
>HL_67042.17,http://rna.bgsu.edu/img/MotifAtlas/HL1.18/HL_67042.17.png,1X8W,http://iimcb.genesilico.pl/rnabricks2//site_media//data/varna_images/48581_varna.jpg
>HL_67042.17,http://rna.bgsu.edu/img/MotifAtlas/HL1.18/HL_67042.17.png,3J7A,http://iimcb.genesilico.pl/rnabricks2//site_media//data/varna_images/73303_varna.jpg
>HL_67042.17,http://rna.bgsu.edu/img/MotifAtlas/HL1.18/HL_67042.17.png,3J7A,http://iimcb.genesilico.pl/rnabricks2//site_media//data/varna_images/73358_varna.jpg
>HL_67042.17,http://rna.bgsu.edu/img/MotifAtlas/HL1.18/HL_67042.17.png,4IOA,http://iimcb.genesilico.pl/rnabricks2//site_media//data/varna_images/12649_varna.jpg
>HL_67042.17,http://rna.bgsu.edu/img/MotifAtlas/HL1.18/HL_67042.17.png,1FJG,http://iimcb.genesilico.pl/rnabricks2//site_media//data/varna_images/84315_varna.jpg
>HL_67042.17,http://rna.bgsu.edu/img/MotifAtlas/HL1.18/HL_67042.17.png,4UN5,http://iimcb.genesilico.pl/rnabricks2//site_media//data/varna_images/55893_varna.jpg
>HL_67042.17,http://rna.bgsu.edu/img/MotifAtlas/HL1.18/HL_67042.17.png,3E5C,http://iimcb.genesilico.pl/rnabricks2//site_media//data/varna_images/69085_varna.jpg
>HL_67042.17,http://rna.bgsu.edu/img/MotifAtlas/HL1.18/HL_67042.17.png,4R0D,http://iimcb.genesilico.pl/rnabricks2//site_media//data/varna_images/81851_varna.jpg
>HL_67042.17,http://rna.bgsu.edu/img/MotifAtlas/HL1.18/HL_67042.17.png,1Y0Q,http://iimcb.genesilico.pl/rnabricks2//site_media//data/varna_images/16364_varna.jpg
>HL_67042.17,http://rna.bgsu.edu/img/MotifAtlas/HL1.18/HL_67042.17.png,4IOA,http://iimcb.genesilico.pl/rnabricks2//site_media//data/varna_images/12708_varna.jpg
>HL_67042.17,http://rna.bgsu.edu/img/MotifAtlas/HL1.18/HL_67042.17.png,4IOA,http://iimcb.genesilico.pl/rnabricks2//site_media//data/varna_images/12563_varna.jpg
>HL_67042.17,http://rna.bgsu.edu/img/MotifAtlas/HL1.18/HL_67042.17.png,4C7O,http://iimcb.genesilico.pl/rnabricks2//site_media//data/varna_images/96627_varna.jpg
>HL_67042.17,http://rna.bgsu.edu/img/MotifAtlas/HL1.18/HL_67042.17.png,4LVZ,http://iimcb.genesilico.pl/rnabricks2//site_media//data/varna_images/59_varna.jpg
>HL_67042.17,http://rna.bgsu.edu/img/MotifAtlas/HL1.18/HL_67042.17.png,4IOA,http://iimcb.genesilico.pl/rnabricks2//site_media//data/varna_images/12681_varna.jpg
>HL_67042.17,http://rna.bgsu.edu/img/MotifAtlas/HL1.18/HL_67042.17.png,4IOA,http://iimcb.genesilico.pl/rnabricks2//site_media//data/varna_images/12588_varna.jpg
>HL_67042.17,http://rna.bgsu.edu/img/MotifAtlas/HL1.18/HL_67042.17.png,4R0D,http://iimcb.genesilico.pl/rnabricks2//site_media//data/varna_images/81844_varna.jpg
>HL_67042.17,http://rna.bgsu.edu/img/MotifAtlas/HL1.18/HL_67042.17.png,4IOA,http://iimcb.genesilico.pl/rnabricks2//site_media//data/varna_images/12587_varna.jpg
>HL_67042.17,http://rna.bgsu.edu/img/MotifAtlas/HL1.18/HL_67042.17.png,1JID,http://iimcb.genesilico.pl/rnabricks2//site_media//data/varna_images/131752_varna.jpg
>HL_67042.17,http://rna.bgsu.edu/img/MotifAtlas/HL1.18/HL_67042.17.png,1MFQ,http://iimcb.genesilico.pl/rnabricks2//site_media//data/varna_images/162859_varna.jpg
>HL_67042.17,http://rna.bgsu.edu/img/MotifAtlas/HL1.18/HL_67042.17.png,3J7A,http://iimcb.genesilico.pl/rnabricks2//site_media//data/varna_images/73400_varna.jpg
>HL_67042.17,http://rna.bgsu.edu/img/MotifAtlas/HL1.18/HL_67042.17.png,4IOA,http://iimcb.genesilico.pl/rnabricks2//site_media//data/varna_images/12690_varna.jpg
>HL_67042.17,http://rna.bgsu.edu/img/MotifAtlas/HL1.18/HL_67042.17.png,3J7A,http://iimcb.genesilico.pl/rnabricks2//site_media//data/varna_images/73277_varna.jpg
>HL_70383.1,http://rna.bgsu.edu/img/MotifAtlas/HL1.18/HL_70383.1.png,3J7A,http://iimcb.genesilico.pl/rnabricks2//site_media//data/varna_images/73452_varna.jpg
>HL_70420.7,http://rna.bgsu.edu/img/MotifAtlas/HL1.18/HL_70420.7.png,4IOA,http://iimcb.genesilico.pl/rnabricks2//site_media//data/varna_images/12695_varna.jpg
>HL_72273.1,http://rna.bgsu.edu/img/MotifAtlas/HL1.18/HL_72273.1.png,1GAX,http://iimcb.genesilico.pl/rnabricks2//site_media//data/varna_images/18262_varna.jpg
>HL_72273.1,http://rna.bgsu.edu/img/MotifAtlas/HL1.18/HL_72273.1.png,3AMU,http://iimcb.genesilico.pl/rnabricks2//site_media//data/varna_images/10247_varna.jpg
>HL_72389.1,http://rna.bgsu.edu/img/MotifAtlas/HL1.18/HL_72389.1.png,4L81,http://iimcb.genesilico.pl/rnabricks2//site_media//data/varna_images/55881_varna.jpg
>HL_72498.17,http://rna.bgsu.edu/img/MotifAtlas/HL1.18/HL_72498.17.png,3RG5,http://iimcb.genesilico.pl/rnabricks2//site_media//data/varna_images/35009_varna.jpg
>HL_72498.17,http://rna.bgsu.edu/img/MotifAtlas/HL1.18/HL_72498.17.png,3ADD,http://iimcb.genesilico.pl/rnabricks2//site_media//data/varna_images/3954_varna.jpg
>HL_72498.17,http://rna.bgsu.edu/img/MotifAtlas/HL1.18/HL_72498.17.png,3ICQ,http://iimcb.genesilico.pl/rnabricks2//site_media//data/varna_images/96614_varna.jpg
>HL_72498.17,http://rna.bgsu.edu/img/MotifAtlas/HL1.18/HL_72498.17.png,4R0D,http://iimcb.genesilico.pl/rnabricks2//site_media//data/varna_images/81876_varna.jpg
>HL_72498.17,http://rna.bgsu.edu/img/MotifAtlas/HL1.18/HL_72498.17.png,2NR0,http://iimcb.genesilico.pl/rnabricks2//site_media//data/varna_images/18177_varna.jpg
>HL_72543.3,http://rna.bgsu.edu/img/MotifAtlas/HL1.18/HL_72543.3.png,1QA6,http://iimcb.genesilico.pl/rnabricks2//site_media//data/varna_images/45278_varna.jpg
>HL_72543.3,http://rna.bgsu.edu/img/MotifAtlas/HL1.18/HL_72543.3.png,4IOA,http://iimcb.genesilico.pl/rnabricks2//site_media//data/varna_images/12628_varna.jpg
>HL_73972.1,http://rna.bgsu.edu/img/MotifAtlas/HL1.18/HL_73972.1.png,1QU2,http://iimcb.genesilico.pl/rnabricks2//site_media//data/varna_images/18242_varna.jpg
>HL_74411.3,http://rna.bgsu.edu/img/MotifAtlas/HL1.18/HL_74411.3.png,1XJR,http://iimcb.genesilico.pl/rnabricks2//site_media//data/varna_images/5760_varna.jpg
>HL_74411.3,http://rna.bgsu.edu/img/MotifAtlas/HL1.18/HL_74411.3.png,4IOA,http://iimcb.genesilico.pl/rnabricks2//site_media//data/varna_images/12652_varna.jpg
>HL_74411.3,http://rna.bgsu.edu/img/MotifAtlas/HL1.18/HL_74411.3.png,3D0U,http://iimcb.genesilico.pl/rnabricks2//site_media//data/varna_images/87205_varna.jpg
>HL_74411.3,http://rna.bgsu.edu/img/MotifAtlas/HL1.18/HL_74411.3.png,3Q1Q,http://iimcb.genesilico.pl/rnabricks2//site_media//data/varna_images/168615_varna.jpg
>HL_74411.3,http://rna.bgsu.edu/img/MotifAtlas/HL1.18/HL_74411.3.png,4IOA,http://iimcb.genesilico.pl/rnabricks2//site_media//data/varna_images/12590_varna.jpg
>HL_74465.7,http://rna.bgsu.edu/img/MotifAtlas/HL1.18/HL_74465.7.png,2CV1,http://iimcb.genesilico.pl/rnabricks2//site_media//data/varna_images/63538_varna.jpg
>HL_74465.7,http://rna.bgsu.edu/img/MotifAtlas/HL1.18/HL_74465.7.png,3TUP,http://iimcb.genesilico.pl/rnabricks2//site_media//data/varna_images/175187_varna.jpg
>HL_75579.7,http://rna.bgsu.edu/img/MotifAtlas/HL1.18/HL_75579.7.png,4IOA,http://iimcb.genesilico.pl/rnabricks2//site_media//data/varna_images/12578_varna.jpg
>HL_75759.9,http://rna.bgsu.edu/img/MotifAtlas/HL1.18/HL_75759.9.png,4OO8,http://iimcb.genesilico.pl/rnabricks2//site_media//data/varna_images/13976_varna.jpg
>HL_75759.9,http://rna.bgsu.edu/img/MotifAtlas/HL1.18/HL_75759.9.png,4UN5,http://iimcb.genesilico.pl/rnabricks2//site_media//data/varna_images/55896_varna.jpg
>HL_75759.9,http://rna.bgsu.edu/img/MotifAtlas/HL1.18/HL_75759.9.png,4UN3,http://iimcb.genesilico.pl/rnabricks2//site_media//data/varna_images/3472_varna.jpg
>HL_75759.9,http://rna.bgsu.edu/img/MotifAtlas/HL1.18/HL_75759.9.png,4IOA,http://iimcb.genesilico.pl/rnabricks2//site_media//data/varna_images/12513_varna.jpg
>HL_75759.9,http://rna.bgsu.edu/img/MotifAtlas/HL1.18/HL_75759.9.png,2F8K,http://iimcb.genesilico.pl/rnabricks2//site_media//data/varna_images/184604_varna.jpg
>HL_76766.4,http://rna.bgsu.edu/img/MotifAtlas/HL1.18/HL_76766.4.png,2ZM5,http://iimcb.genesilico.pl/rnabricks2//site_media//data/varna_images/50876_varna.jpg
>HL_80263.1,http://rna.bgsu.edu/img/MotifAtlas/HL1.18/HL_80263.1.png,1FJG,http://iimcb.genesilico.pl/rnabricks2//site_media//data/varna_images/84231_varna.jpg
>HL_80459.8,http://rna.bgsu.edu/img/MotifAtlas/HL1.18/HL_80459.8.png,4IOA,http://iimcb.genesilico.pl/rnabricks2//site_media//data/varna_images/12580_varna.jpg
>HL_80459.8,http://rna.bgsu.edu/img/MotifAtlas/HL1.18/HL_80459.8.png,4IOA,http://iimcb.genesilico.pl/rnabricks2//site_media//data/varna_images/12700_varna.jpg
>HL_80492.2,http://rna.bgsu.edu/img/MotifAtlas/HL1.18/HL_80492.2.png,2BTE,http://iimcb.genesilico.pl/rnabricks2//site_media//data/varna_images/179208_varna.jpg
>HL_80492.2,http://rna.bgsu.edu/img/MotifAtlas/HL1.18/HL_80492.2.png,4AQ7,http://iimcb.genesilico.pl/rnabricks2//site_media//data/varna_images/5853_varna.jpg
>HL_82294.6,http://rna.bgsu.edu/img/MotifAtlas/HL1.18/HL_82294.6.png,3J7A,http://iimcb.genesilico.pl/rnabricks2//site_media//data/varna_images/73342_varna.jpg
>HL_82294.6,http://rna.bgsu.edu/img/MotifAtlas/HL1.18/HL_82294.6.png,1FJG,http://iimcb.genesilico.pl/rnabricks2//site_media//data/varna_images/84320_varna.jpg
>HL_82294.6,http://rna.bgsu.edu/img/MotifAtlas/HL1.18/HL_82294.6.png,3R4F,http://iimcb.genesilico.pl/rnabricks2//site_media//data/varna_images/16048_varna.jpg
>HL_82538.5,http://rna.bgsu.edu/img/MotifAtlas/HL1.18/HL_82538.5.png,4IOA,http://iimcb.genesilico.pl/rnabricks2//site_media//data/varna_images/12586_varna.jpg
>HL_85551.1,http://rna.bgsu.edu/img/MotifAtlas/HL1.18/HL_85551.1.png,4MGN,http://iimcb.genesilico.pl/rnabricks2//site_media//data/varna_images/164542_varna.jpg
>HL_86077.4,http://rna.bgsu.edu/img/MotifAtlas/HL1.18/HL_86077.4.png,1FJG,http://iimcb.genesilico.pl/rnabricks2//site_media//data/varna_images/84327_varna.jpg
>HL_86123.2,http://rna.bgsu.edu/img/MotifAtlas/HL1.18/HL_86123.2.png,1FJG,http://iimcb.genesilico.pl/rnabricks2//site_media//data/varna_images/84346_varna.jpg
>HL_87554.1,http://rna.bgsu.edu/img/MotifAtlas/HL1.18/HL_87554.1.png,3SNP,http://iimcb.genesilico.pl/rnabricks2//site_media//data/varna_images/3900_varna.jpg
>HL_88311.7,http://rna.bgsu.edu/img/MotifAtlas/HL1.18/HL_88311.7.png,4IOA,http://iimcb.genesilico.pl/rnabricks2//site_media//data/varna_images/12569_varna.jpg
>HL_88960.1,http://rna.bgsu.edu/img/MotifAtlas/HL1.18/HL_88960.1.png,3IVN,http://iimcb.genesilico.pl/rnabricks2//site_media//data/varna_images/81810_varna.jpg
>HL_89131.2,http://rna.bgsu.edu/img/MotifAtlas/HL1.18/HL_89131.2.png,3J7A,http://iimcb.genesilico.pl/rnabricks2//site_media//data/varna_images/73281_varna.jpg
>HL_91226.7,http://rna.bgsu.edu/img/MotifAtlas/HL1.18/HL_91226.7.png,4IOA,http://iimcb.genesilico.pl/rnabricks2//site_media//data/varna_images/12529_varna.jpg
>HL_91226.7,http://rna.bgsu.edu/img/MotifAtlas/HL1.18/HL_91226.7.png,2JLT,http://iimcb.genesilico.pl/rnabricks2//site_media//data/varna_images/6466_varna.jpg
>HL_94578.3,http://rna.bgsu.edu/img/MotifAtlas/HL1.18/HL_94578.3.png,2CV1,http://iimcb.genesilico.pl/rnabricks2//site_media//data/varna_images/63536_varna.jpg
>HL_94578.3,http://rna.bgsu.edu/img/MotifAtlas/HL1.18/HL_94578.3.png,2DER,http://iimcb.genesilico.pl/rnabricks2//site_media//data/varna_images/107585_varna.jpg
>HL_95049.1,http://rna.bgsu.edu/img/MotifAtlas/HL1.18/HL_95049.1.png,2ZUF,http://iimcb.genesilico.pl/rnabricks2//site_media//data/varna_images/148399_varna.jpg
>HL_95720.1,http://rna.bgsu.edu/img/MotifAtlas/HL1.18/HL_95720.1.png,1QRS,http://iimcb.genesilico.pl/rnabricks2//site_media//data/varna_images/59890_varna.jpg
>HL_95969.1,http://rna.bgsu.edu/img/MotifAtlas/HL1.18/HL_95969.1.png,4P8Z,http://iimcb.genesilico.pl/rnabricks2//site_media//data/varna_images/25328_varna.jpg
>HL_95969.1,http://rna.bgsu.edu/img/MotifAtlas/HL1.18/HL_95969.1.png,4P9R,http://iimcb.genesilico.pl/rnabricks2//site_media//data/varna_images/131666_varna.jpg
>HL_96012.1,http://rna.bgsu.edu/img/MotifAtlas/HL1.18/HL_96012.1.png,4KR6,http://iimcb.genesilico.pl/rnabricks2//site_media//data/varna_images/2558_varna.jpg
>HL_97022.1,http://rna.bgsu.edu/img/MotifAtlas/HL1.18/HL_97022.1.png,4FAW,http://iimcb.genesilico.pl/rnabricks2//site_media//data/varna_images/40283_varna.jpg
>HL_97270.8,http://rna.bgsu.edu/img/MotifAtlas/HL1.18/HL_97270.8.png,4IOA,http://iimcb.genesilico.pl/rnabricks2//site_media//data/varna_images/12604_varna.jpg
>HL_97270.8,http://rna.bgsu.edu/img/MotifAtlas/HL1.18/HL_97270.8.png,2HOJ,http://iimcb.genesilico.pl/rnabricks2//site_media//data/varna_images/161585_varna.jpg
>HL_97270.8,http://rna.bgsu.edu/img/MotifAtlas/HL1.18/HL_97270.8.png,2GDI,http://iimcb.genesilico.pl/rnabricks2//site_media//data/varna_images/43_varna.jpg
>HL_98577.1,http://rna.bgsu.edu/img/MotifAtlas/HL1.18/HL_98577.1.png,3D0U,http://iimcb.genesilico.pl/rnabricks2//site_media//data/varna_images/87197_varna.jpg
>HL_98577.1,http://rna.bgsu.edu/img/MotifAtlas/HL1.18/HL_98577.1.png,3DIR,http://iimcb.genesilico.pl/rnabricks2//site_media//data/varna_images/128770_varna.jpg
>HL_98833.3,http://rna.bgsu.edu/img/MotifAtlas/HL1.18/HL_98833.3.png,1H4S,http://iimcb.genesilico.pl/rnabricks2//site_media//data/varna_images/143435_varna.jpg
>HL_98833.3,http://rna.bgsu.edu/img/MotifAtlas/HL1.18/HL_98833.3.png,2ZUF,http://iimcb.genesilico.pl/rnabricks2//site_media//data/varna_images/148397_varna.jpg
>HL_99779.1,http://rna.bgsu.edu/img/MotifAtlas/HL1.18/HL_99779.1.png,2OZB,http://iimcb.genesilico.pl/rnabricks2//site_media//data/varna_images/25210_varna.jpg
