>IL_02809.5,http://rna.bgsu.edu/img/MotifAtlas/IL1.18/IL_02809.5.png,4B5R,http://iimcb.genesilico.pl/rnabricks2//site_media//data/varna_images/10273_varna.jpg
>IL_02809.5,http://rna.bgsu.edu/img/MotifAtlas/IL1.18/IL_02809.5.png,3GX5,http://iimcb.genesilico.pl/rnabricks2//site_media//data/varna_images/4216_varna.jpg
>IL_02809.5,http://rna.bgsu.edu/img/MotifAtlas/IL1.18/IL_02809.5.png,4AOB,http://iimcb.genesilico.pl/rnabricks2//site_media//data/varna_images/97482_varna.jpg
>IL_02809.5,http://rna.bgsu.edu/img/MotifAtlas/IL1.18/IL_02809.5.png,4KQY,http://iimcb.genesilico.pl/rnabricks2//site_media//data/varna_images/134801_varna.jpg
>IL_03030.1,http://rna.bgsu.edu/img/MotifAtlas/IL1.18/IL_03030.1.png,4IOA,http://iimcb.genesilico.pl/rnabricks2//site_media//data/varna_images/12607_varna.jpg
>IL_03282.1,http://rna.bgsu.edu/img/MotifAtlas/IL1.18/IL_03282.1.png,4FAW,http://iimcb.genesilico.pl/rnabricks2//site_media//data/varna_images/40292_varna.jpg
>IL_03362.1,http://rna.bgsu.edu/img/MotifAtlas/IL1.18/IL_03362.1.png,4P8Z,http://iimcb.genesilico.pl/rnabricks2//site_media//data/varna_images/25330_varna.jpg
>IL_03362.1,http://rna.bgsu.edu/img/MotifAtlas/IL1.18/IL_03362.1.png,4P9R,http://iimcb.genesilico.pl/rnabricks2//site_media//data/varna_images/131662_varna.jpg
>IL_04238.1,http://rna.bgsu.edu/img/MotifAtlas/IL1.18/IL_04238.1.png,1GID,http://iimcb.genesilico.pl/rnabricks2//site_media//data/varna_images/46090_varna.jpg
>IL_04238.1,http://rna.bgsu.edu/img/MotifAtlas/IL1.18/IL_04238.1.png,2XXA,http://iimcb.genesilico.pl/rnabricks2//site_media//data/varna_images/40595_varna.jpg
>IL_04397.2,http://rna.bgsu.edu/img/MotifAtlas/IL1.18/IL_04397.2.png,4IOA,http://iimcb.genesilico.pl/rnabricks2//site_media//data/varna_images/12611_varna.jpg
>IL_06584.1,http://rna.bgsu.edu/img/MotifAtlas/IL1.18/IL_06584.1.png,4R0D,http://iimcb.genesilico.pl/rnabricks2//site_media//data/varna_images/81853_varna.jpg
>IL_06808.1,http://rna.bgsu.edu/img/MotifAtlas/IL1.18/IL_06808.1.png,2QBZ,http://iimcb.genesilico.pl/rnabricks2//site_media//data/varna_images/164812_varna.jpg
>IL_06847.1,http://rna.bgsu.edu/img/MotifAtlas/IL1.18/IL_06847.1.png,4FAW,http://iimcb.genesilico.pl/rnabricks2//site_media//data/varna_images/40278_varna.jpg
>IL_07837.1,http://rna.bgsu.edu/img/MotifAtlas/IL1.18/IL_07837.1.png,4KR6,http://iimcb.genesilico.pl/rnabricks2//site_media//data/varna_images/2557_varna.jpg
>IL_09333.1,http://rna.bgsu.edu/img/MotifAtlas/IL1.18/IL_09333.1.png,1FJG,http://iimcb.genesilico.pl/rnabricks2//site_media//data/varna_images/84317_varna.jpg
>IL_09530.4,http://rna.bgsu.edu/img/MotifAtlas/IL1.18/IL_09530.4.png,2GDI,http://iimcb.genesilico.pl/rnabricks2//site_media//data/varna_images/38_varna.jpg
>IL_09530.4,http://rna.bgsu.edu/img/MotifAtlas/IL1.18/IL_09530.4.png,3D2V,http://iimcb.genesilico.pl/rnabricks2//site_media//data/varna_images/37105_varna.jpg
>IL_10822.1,http://rna.bgsu.edu/img/MotifAtlas/IL1.18/IL_10822.1.png,1FJG,http://iimcb.genesilico.pl/rnabricks2//site_media//data/varna_images/84344_varna.jpg
>IL_10822.1,http://rna.bgsu.edu/img/MotifAtlas/IL1.18/IL_10822.1.png,3J7A,http://iimcb.genesilico.pl/rnabricks2//site_media//data/varna_images/73353_varna.jpg
>IL_11015.3,http://rna.bgsu.edu/img/MotifAtlas/IL1.18/IL_11015.3.png,4L81,http://iimcb.genesilico.pl/rnabricks2//site_media//data/varna_images/55879_varna.jpg
>IL_11015.3,http://rna.bgsu.edu/img/MotifAtlas/IL1.18/IL_11015.3.png,3GX5,http://iimcb.genesilico.pl/rnabricks2//site_media//data/varna_images/4217_varna.jpg
>IL_11015.3,http://rna.bgsu.edu/img/MotifAtlas/IL1.18/IL_11015.3.png,4AOB,http://iimcb.genesilico.pl/rnabricks2//site_media//data/varna_images/97483_varna.jpg
>IL_11015.3,http://rna.bgsu.edu/img/MotifAtlas/IL1.18/IL_11015.3.png,3V7E,http://iimcb.genesilico.pl/rnabricks2//site_media//data/varna_images/131744_varna.jpg
>IL_11015.3,http://rna.bgsu.edu/img/MotifAtlas/IL1.18/IL_11015.3.png,4KQY,http://iimcb.genesilico.pl/rnabricks2//site_media//data/varna_images/134802_varna.jpg
>IL_11015.3,http://rna.bgsu.edu/img/MotifAtlas/IL1.18/IL_11015.3.png,4B5R,http://iimcb.genesilico.pl/rnabricks2//site_media//data/varna_images/10274_varna.jpg
>IL_11778.1,http://rna.bgsu.edu/img/MotifAtlas/IL1.18/IL_11778.1.png,2QBZ,http://iimcb.genesilico.pl/rnabricks2//site_media//data/varna_images/164809_varna.jpg
>IL_12507.1,http://rna.bgsu.edu/img/MotifAtlas/IL1.18/IL_12507.1.png,1X8W,http://iimcb.genesilico.pl/rnabricks2//site_media//data/varna_images/48461_varna.jpg
>IL_12849.2,http://rna.bgsu.edu/img/MotifAtlas/IL1.18/IL_12849.2.png,3J7A,http://iimcb.genesilico.pl/rnabricks2//site_media//data/varna_images/73354_varna.jpg
>IL_13069.7,http://rna.bgsu.edu/img/MotifAtlas/IL1.18/IL_13069.7.png,4IOA,http://iimcb.genesilico.pl/rnabricks2//site_media//data/varna_images/12704_varna.jpg
>IL_13959.8,http://rna.bgsu.edu/img/MotifAtlas/IL1.18/IL_13959.8.png,4IOA,http://iimcb.genesilico.pl/rnabricks2//site_media//data/varna_images/12661_varna.jpg
>IL_13959.8,http://rna.bgsu.edu/img/MotifAtlas/IL1.18/IL_13959.8.png,3D0U,http://iimcb.genesilico.pl/rnabricks2//site_media//data/varna_images/87203_varna.jpg
>IL_13959.8,http://rna.bgsu.edu/img/MotifAtlas/IL1.18/IL_13959.8.png,4KZD,http://iimcb.genesilico.pl/rnabricks2//site_media//data/varna_images/169741_varna.jpg
>IL_13959.8,http://rna.bgsu.edu/img/MotifAtlas/IL1.18/IL_13959.8.png,1FJG,http://iimcb.genesilico.pl/rnabricks2//site_media//data/varna_images/84304_varna.jpg
>IL_13959.8,http://rna.bgsu.edu/img/MotifAtlas/IL1.18/IL_13959.8.png,4IOA,http://iimcb.genesilico.pl/rnabricks2//site_media//data/varna_images/12716_varna.jpg
>IL_13959.8,http://rna.bgsu.edu/img/MotifAtlas/IL1.18/IL_13959.8.png,3J7A,http://iimcb.genesilico.pl/rnabricks2//site_media//data/varna_images/73339_varna.jpg
>IL_13959.8,http://rna.bgsu.edu/img/MotifAtlas/IL1.18/IL_13959.8.png,3DIR,http://iimcb.genesilico.pl/rnabricks2//site_media//data/varna_images/128779_varna.jpg
>IL_16166.5,http://rna.bgsu.edu/img/MotifAtlas/IL1.18/IL_16166.5.png,1U6B,http://iimcb.genesilico.pl/rnabricks2//site_media//data/varna_images/26748_varna.jpg
>IL_16166.5,http://rna.bgsu.edu/img/MotifAtlas/IL1.18/IL_16166.5.png,4FNJ,http://iimcb.genesilico.pl/rnabricks2//site_media//data/varna_images/75641_varna.jpg
>IL_16921.1,http://rna.bgsu.edu/img/MotifAtlas/IL1.18/IL_16921.1.png,4KR6,http://iimcb.genesilico.pl/rnabricks2//site_media//data/varna_images/2557_varna.jpg
>IL_16927.1,http://rna.bgsu.edu/img/MotifAtlas/IL1.18/IL_16927.1.png,4R0D,http://iimcb.genesilico.pl/rnabricks2//site_media//data/varna_images/81879_varna.jpg
>IL_18271.1,http://rna.bgsu.edu/img/MotifAtlas/IL1.18/IL_18271.1.png,4IOA,http://iimcb.genesilico.pl/rnabricks2//site_media//data/varna_images/12514_varna.jpg
>IL_18271.1,http://rna.bgsu.edu/img/MotifAtlas/IL1.18/IL_18271.1.png,4IOA,http://iimcb.genesilico.pl/rnabricks2//site_media//data/varna_images/12642_varna.jpg
>IL_18271.1,http://rna.bgsu.edu/img/MotifAtlas/IL1.18/IL_18271.1.png,3J7A,http://iimcb.genesilico.pl/rnabricks2//site_media//data/varna_images/73308_varna.jpg
>IL_19268.1,http://rna.bgsu.edu/img/MotifAtlas/IL1.18/IL_19268.1.png,2PXV,http://iimcb.genesilico.pl/rnabricks2//site_media//data/varna_images/66100_varna.jpg
>IL_19589.1,http://rna.bgsu.edu/img/MotifAtlas/IL1.18/IL_19589.1.png,1LNG,http://iimcb.genesilico.pl/rnabricks2//site_media//data/varna_images/96716_varna.jpg
>IL_19589.1,http://rna.bgsu.edu/img/MotifAtlas/IL1.18/IL_19589.1.png,3KTW,http://iimcb.genesilico.pl/rnabricks2//site_media//data/varna_images/1077_varna.jpg
>IL_19986.2,http://rna.bgsu.edu/img/MotifAtlas/IL1.18/IL_19986.2.png,1FJG,http://iimcb.genesilico.pl/rnabricks2//site_media//data/varna_images/84290_varna.jpg
>IL_19986.2,http://rna.bgsu.edu/img/MotifAtlas/IL1.18/IL_19986.2.png,3J7A,http://iimcb.genesilico.pl/rnabricks2//site_media//data/varna_images/73356_varna.jpg
>IL_19986.2,http://rna.bgsu.edu/img/MotifAtlas/IL1.18/IL_19986.2.png,1FJG,http://iimcb.genesilico.pl/rnabricks2//site_media//data/varna_images/84319_varna.jpg
>IL_21062.1,http://rna.bgsu.edu/img/MotifAtlas/IL1.18/IL_21062.1.png,1UN6,http://iimcb.genesilico.pl/rnabricks2//site_media//data/varna_images/181545_varna.jpg
>IL_21137.1,http://rna.bgsu.edu/img/MotifAtlas/IL1.18/IL_21137.1.png,4IOA,http://iimcb.genesilico.pl/rnabricks2//site_media//data/varna_images/12540_varna.jpg
>IL_21137.1,http://rna.bgsu.edu/img/MotifAtlas/IL1.18/IL_21137.1.png,3Q1Q,http://iimcb.genesilico.pl/rnabricks2//site_media//data/varna_images/168605_varna.jpg
>IL_21137.1,http://rna.bgsu.edu/img/MotifAtlas/IL1.18/IL_21137.1.png,1FJG,http://iimcb.genesilico.pl/rnabricks2//site_media//data/varna_images/84283_varna.jpg
>IL_21137.1,http://rna.bgsu.edu/img/MotifAtlas/IL1.18/IL_21137.1.png,2XXA,http://iimcb.genesilico.pl/rnabricks2//site_media//data/varna_images/40591_varna.jpg
>IL_21254.1,http://rna.bgsu.edu/img/MotifAtlas/IL1.18/IL_21254.1.png,1FJG,http://iimcb.genesilico.pl/rnabricks2//site_media//data/varna_images/84263_varna.jpg
>IL_21495.1,http://rna.bgsu.edu/img/MotifAtlas/IL1.18/IL_21495.1.png,2NZ4,http://iimcb.genesilico.pl/rnabricks2//site_media//data/varna_images/131513_varna.jpg
>IL_21639.2,http://rna.bgsu.edu/img/MotifAtlas/IL1.18/IL_21639.2.png,3J7A,http://iimcb.genesilico.pl/rnabricks2//site_media//data/varna_images/73321_varna.jpg
>IL_22025.1,http://rna.bgsu.edu/img/MotifAtlas/IL1.18/IL_22025.1.png,4UN3,http://iimcb.genesilico.pl/rnabricks2//site_media//data/varna_images/3468_varna.jpg
>IL_22025.1,http://rna.bgsu.edu/img/MotifAtlas/IL1.18/IL_22025.1.png,4UN5,http://iimcb.genesilico.pl/rnabricks2//site_media//data/varna_images/55892_varna.jpg
>IL_22025.1,http://rna.bgsu.edu/img/MotifAtlas/IL1.18/IL_22025.1.png,4OO8,http://iimcb.genesilico.pl/rnabricks2//site_media//data/varna_images/13973_varna.jpg
>IL_22611.1,http://rna.bgsu.edu/img/MotifAtlas/IL1.18/IL_22611.1.png,4PDB,http://iimcb.genesilico.pl/rnabricks2//site_media//data/varna_images/25284_varna.jpg
>IL_23414.1,http://rna.bgsu.edu/img/MotifAtlas/IL1.18/IL_23414.1.png,3Q3Z,http://iimcb.genesilico.pl/rnabricks2//site_media//data/varna_images/25686_varna.jpg
>IL_25808.1,http://rna.bgsu.edu/img/MotifAtlas/IL1.18/IL_25808.1.png,1FJG,http://iimcb.genesilico.pl/rnabricks2//site_media//data/varna_images/84309_varna.jpg
>IL_26321.2,http://rna.bgsu.edu/img/MotifAtlas/IL1.18/IL_26321.2.png,4QK9,http://iimcb.genesilico.pl/rnabricks2//site_media//data/varna_images/6448_varna.jpg
>IL_26321.2,http://rna.bgsu.edu/img/MotifAtlas/IL1.18/IL_26321.2.png,4QLM,http://iimcb.genesilico.pl/rnabricks2//site_media//data/varna_images/2985_varna.jpg
>IL_26321.2,http://rna.bgsu.edu/img/MotifAtlas/IL1.18/IL_26321.2.png,4QK8,http://iimcb.genesilico.pl/rnabricks2//site_media//data/varna_images/3786_varna.jpg
>IL_27243.1,http://rna.bgsu.edu/img/MotifAtlas/IL1.18/IL_27243.1.png,3D2V,http://iimcb.genesilico.pl/rnabricks2//site_media//data/varna_images/37104_varna.jpg
>IL_27536.1,http://rna.bgsu.edu/img/MotifAtlas/IL1.18/IL_27536.1.png,2QBZ,http://iimcb.genesilico.pl/rnabricks2//site_media//data/varna_images/164807_varna.jpg
>IL_27640.1,http://rna.bgsu.edu/img/MotifAtlas/IL1.18/IL_27640.1.png,4LVZ,http://iimcb.genesilico.pl/rnabricks2//site_media//data/varna_images/55_varna.jpg
>IL_28003.2,http://rna.bgsu.edu/img/MotifAtlas/IL1.18/IL_28003.2.png,3Q1Q,http://iimcb.genesilico.pl/rnabricks2//site_media//data/varna_images/168612_varna.jpg
>IL_28003.2,http://rna.bgsu.edu/img/MotifAtlas/IL1.18/IL_28003.2.png,4K27,http://iimcb.genesilico.pl/rnabricks2//site_media//data/varna_images/4310_varna.jpg
>IL_28058.1,http://rna.bgsu.edu/img/MotifAtlas/IL1.18/IL_28058.1.png,1NBS,http://iimcb.genesilico.pl/rnabricks2//site_media//data/varna_images/23711_varna.jpg
>IL_28572.5,http://rna.bgsu.edu/img/MotifAtlas/IL1.18/IL_28572.5.png,1FJG,http://iimcb.genesilico.pl/rnabricks2//site_media//data/varna_images/84348_varna.jpg
>IL_28666.1,http://rna.bgsu.edu/img/MotifAtlas/IL1.18/IL_28666.1.png,4R0D,http://iimcb.genesilico.pl/rnabricks2//site_media//data/varna_images/81863_varna.jpg
>IL_31006.1,http://rna.bgsu.edu/img/MotifAtlas/IL1.18/IL_31006.1.png,2OIU,http://iimcb.genesilico.pl/rnabricks2//site_media//data/varna_images/21063_varna.jpg
>IL_31066.6,http://rna.bgsu.edu/img/MotifAtlas/IL1.18/IL_31066.6.png,3J7A,http://iimcb.genesilico.pl/rnabricks2//site_media//data/varna_images/73355_varna.jpg
>IL_31066.6,http://rna.bgsu.edu/img/MotifAtlas/IL1.18/IL_31066.6.png,1FJG,http://iimcb.genesilico.pl/rnabricks2//site_media//data/varna_images/84289_varna.jpg
>IL_31160.1,http://rna.bgsu.edu/img/MotifAtlas/IL1.18/IL_31160.1.png,3J7A,http://iimcb.genesilico.pl/rnabricks2//site_media//data/varna_images/73313_varna.jpg
>IL_31555.8,http://rna.bgsu.edu/img/MotifAtlas/IL1.18/IL_31555.8.png,4FAW,http://iimcb.genesilico.pl/rnabricks2//site_media//data/varna_images/40295_varna.jpg
>IL_31555.8,http://rna.bgsu.edu/img/MotifAtlas/IL1.18/IL_31555.8.png,1X8W,http://iimcb.genesilico.pl/rnabricks2//site_media//data/varna_images/48458_varna.jpg
>IL_31555.8,http://rna.bgsu.edu/img/MotifAtlas/IL1.18/IL_31555.8.png,1GID,http://iimcb.genesilico.pl/rnabricks2//site_media//data/varna_images/46097_varna.jpg
>IL_32261.4,http://rna.bgsu.edu/img/MotifAtlas/IL1.18/IL_32261.4.png,3J7A,http://iimcb.genesilico.pl/rnabricks2//site_media//data/varna_images/73298_varna.jpg
>IL_32261.4,http://rna.bgsu.edu/img/MotifAtlas/IL1.18/IL_32261.4.png,1FJG,http://iimcb.genesilico.pl/rnabricks2//site_media//data/varna_images/84257_varna.jpg
>IL_32508.1,http://rna.bgsu.edu/img/MotifAtlas/IL1.18/IL_32508.1.png,3J7A,http://iimcb.genesilico.pl/rnabricks2//site_media//data/varna_images/73319_varna.jpg
>IL_32508.1,http://rna.bgsu.edu/img/MotifAtlas/IL1.18/IL_32508.1.png,1FJG,http://iimcb.genesilico.pl/rnabricks2//site_media//data/varna_images/84356_varna.jpg
>IL_33842.1,http://rna.bgsu.edu/img/MotifAtlas/IL1.18/IL_33842.1.png,4M6D,http://iimcb.genesilico.pl/rnabricks2//site_media//data/varna_images/24022_varna.jpg
>IL_34098.2,http://rna.bgsu.edu/img/MotifAtlas/IL1.18/IL_34098.2.png,4IOA,http://iimcb.genesilico.pl/rnabricks2//site_media//data/varna_images/12545_varna.jpg
>IL_34098.2,http://rna.bgsu.edu/img/MotifAtlas/IL1.18/IL_34098.2.png,1X8W,http://iimcb.genesilico.pl/rnabricks2//site_media//data/varna_images/48464_varna.jpg
>IL_34363.4,http://rna.bgsu.edu/img/MotifAtlas/IL1.18/IL_34363.4.png,4IOA,http://iimcb.genesilico.pl/rnabricks2//site_media//data/varna_images/12589_varna.jpg
>IL_34628.2,http://rna.bgsu.edu/img/MotifAtlas/IL1.18/IL_34628.2.png,3Q3Z,http://iimcb.genesilico.pl/rnabricks2//site_media//data/varna_images/25687_varna.jpg
>IL_35558.1,http://rna.bgsu.edu/img/MotifAtlas/IL1.18/IL_35558.1.png,4IOA,http://iimcb.genesilico.pl/rnabricks2//site_media//data/varna_images/12533_varna.jpg
>IL_37104.7,http://rna.bgsu.edu/img/MotifAtlas/IL1.18/IL_37104.7.png,4IOA,http://iimcb.genesilico.pl/rnabricks2//site_media//data/varna_images/12615_varna.jpg
>IL_37104.7,http://rna.bgsu.edu/img/MotifAtlas/IL1.18/IL_37104.7.png,4IOA,http://iimcb.genesilico.pl/rnabricks2//site_media//data/varna_images/12671_varna.jpg
>IL_37400.1,http://rna.bgsu.edu/img/MotifAtlas/IL1.18/IL_37400.1.png,1FJG,http://iimcb.genesilico.pl/rnabricks2//site_media//data/varna_images/84261_varna.jpg
>IL_37964.2,http://rna.bgsu.edu/img/MotifAtlas/IL1.18/IL_37964.2.png,3J7A,http://iimcb.genesilico.pl/rnabricks2//site_media//data/varna_images/73332_varna.jpg
>IL_37964.2,http://rna.bgsu.edu/img/MotifAtlas/IL1.18/IL_37964.2.png,4QK9,http://iimcb.genesilico.pl/rnabricks2//site_media//data/varna_images/6444_varna.jpg
>IL_37964.2,http://rna.bgsu.edu/img/MotifAtlas/IL1.18/IL_37964.2.png,4IOA,http://iimcb.genesilico.pl/rnabricks2//site_media//data/varna_images/12597_varna.jpg
>IL_37976.1,http://rna.bgsu.edu/img/MotifAtlas/IL1.18/IL_37976.1.png,4IOA,http://iimcb.genesilico.pl/rnabricks2//site_media//data/varna_images/12598_varna.jpg
>IL_37976.1,http://rna.bgsu.edu/img/MotifAtlas/IL1.18/IL_37976.1.png,2A64,http://iimcb.genesilico.pl/rnabricks2//site_media//data/varna_images/91695_varna.jpg
>IL_37976.1,http://rna.bgsu.edu/img/MotifAtlas/IL1.18/IL_37976.1.png,1U6B,http://iimcb.genesilico.pl/rnabricks2//site_media//data/varna_images/26742_varna.jpg
>IL_37976.1,http://rna.bgsu.edu/img/MotifAtlas/IL1.18/IL_37976.1.png,4IOA,http://iimcb.genesilico.pl/rnabricks2//site_media//data/varna_images/12583_varna.jpg
>IL_37976.1,http://rna.bgsu.edu/img/MotifAtlas/IL1.18/IL_37976.1.png,3IWN,http://iimcb.genesilico.pl/rnabricks2//site_media//data/varna_images/5799_varna.jpg
>IL_37976.1,http://rna.bgsu.edu/img/MotifAtlas/IL1.18/IL_37976.1.png,3J7A,http://iimcb.genesilico.pl/rnabricks2//site_media//data/varna_images/73285_varna.jpg
>IL_37976.1,http://rna.bgsu.edu/img/MotifAtlas/IL1.18/IL_37976.1.png,3UCZ,http://iimcb.genesilico.pl/rnabricks2//site_media//data/varna_images/69168_varna.jpg
>IL_37976.1,http://rna.bgsu.edu/img/MotifAtlas/IL1.18/IL_37976.1.png,2QWY,http://iimcb.genesilico.pl/rnabricks2//site_media//data/varna_images/170982_varna.jpg
>IL_37976.1,http://rna.bgsu.edu/img/MotifAtlas/IL1.18/IL_37976.1.png,4IOA,http://iimcb.genesilico.pl/rnabricks2//site_media//data/varna_images/12625_varna.jpg
>IL_37976.1,http://rna.bgsu.edu/img/MotifAtlas/IL1.18/IL_37976.1.png,3J7A,http://iimcb.genesilico.pl/rnabricks2//site_media//data/varna_images/73348_varna.jpg
>IL_39044.1,http://rna.bgsu.edu/img/MotifAtlas/IL1.18/IL_39044.1.png,4KR7,http://iimcb.genesilico.pl/rnabricks2//site_media//data/varna_images/110_varna.jpg
>IL_39175.1,http://rna.bgsu.edu/img/MotifAtlas/IL1.18/IL_39175.1.png,3Q1Q,http://iimcb.genesilico.pl/rnabricks2//site_media//data/varna_images/168591_varna.jpg
>IL_39199.8,http://rna.bgsu.edu/img/MotifAtlas/IL1.18/IL_39199.8.png,4L81,http://iimcb.genesilico.pl/rnabricks2//site_media//data/varna_images/55877_varna.jpg
>IL_39199.8,http://rna.bgsu.edu/img/MotifAtlas/IL1.18/IL_39199.8.png,3OWZ,http://iimcb.genesilico.pl/rnabricks2//site_media//data/varna_images/20994_varna.jpg
>IL_39199.8,http://rna.bgsu.edu/img/MotifAtlas/IL1.18/IL_39199.8.png,4IOA,http://iimcb.genesilico.pl/rnabricks2//site_media//data/varna_images/12703_varna.jpg
>IL_39199.8,http://rna.bgsu.edu/img/MotifAtlas/IL1.18/IL_39199.8.png,1XJR,http://iimcb.genesilico.pl/rnabricks2//site_media//data/varna_images/5758_varna.jpg
>IL_39199.8,http://rna.bgsu.edu/img/MotifAtlas/IL1.18/IL_39199.8.png,1FJG,http://iimcb.genesilico.pl/rnabricks2//site_media//data/varna_images/84341_varna.jpg
>IL_39199.8,http://rna.bgsu.edu/img/MotifAtlas/IL1.18/IL_39199.8.png,4IOA,http://iimcb.genesilico.pl/rnabricks2//site_media//data/varna_images/12525_varna.jpg
>IL_39212.2,http://rna.bgsu.edu/img/MotifAtlas/IL1.18/IL_39212.2.png,4IOA,http://iimcb.genesilico.pl/rnabricks2//site_media//data/varna_images/12658_varna.jpg
>IL_40041.1,http://rna.bgsu.edu/img/MotifAtlas/IL1.18/IL_40041.1.png,3RW6,http://iimcb.genesilico.pl/rnabricks2//site_media//data/varna_images/89051_varna.jpg
>IL_40364.1,http://rna.bgsu.edu/img/MotifAtlas/IL1.18/IL_40364.1.png,4N0T,http://iimcb.genesilico.pl/rnabricks2//site_media//data/varna_images/23435_varna.jpg
>IL_40845.1,http://rna.bgsu.edu/img/MotifAtlas/IL1.18/IL_40845.1.png,1FJG,http://iimcb.genesilico.pl/rnabricks2//site_media//data/varna_images/84335_varna.jpg
>IL_41766.10,http://rna.bgsu.edu/img/MotifAtlas/IL1.18/IL_41766.10.png,3J7A,http://iimcb.genesilico.pl/rnabricks2//site_media//data/varna_images/73296_varna.jpg
>IL_41766.10,http://rna.bgsu.edu/img/MotifAtlas/IL1.18/IL_41766.10.png,4IOA,http://iimcb.genesilico.pl/rnabricks2//site_media//data/varna_images/12535_varna.jpg
>IL_41766.10,http://rna.bgsu.edu/img/MotifAtlas/IL1.18/IL_41766.10.png,2A64,http://iimcb.genesilico.pl/rnabricks2//site_media//data/varna_images/91684_varna.jpg
>IL_44540.8,http://rna.bgsu.edu/img/MotifAtlas/IL1.18/IL_44540.8.png,4IOA,http://iimcb.genesilico.pl/rnabricks2//site_media//data/varna_images/12673_varna.jpg
>IL_44540.8,http://rna.bgsu.edu/img/MotifAtlas/IL1.18/IL_44540.8.png,1FJG,http://iimcb.genesilico.pl/rnabricks2//site_media//data/varna_images/84282_varna.jpg
>IL_44540.8,http://rna.bgsu.edu/img/MotifAtlas/IL1.18/IL_44540.8.png,1U6B,http://iimcb.genesilico.pl/rnabricks2//site_media//data/varna_images/26751_varna.jpg
>IL_44540.8,http://rna.bgsu.edu/img/MotifAtlas/IL1.18/IL_44540.8.png,4IOA,http://iimcb.genesilico.pl/rnabricks2//site_media//data/varna_images/12665_varna.jpg
>IL_44540.8,http://rna.bgsu.edu/img/MotifAtlas/IL1.18/IL_44540.8.png,4IOA,http://iimcb.genesilico.pl/rnabricks2//site_media//data/varna_images/12539_varna.jpg
>IL_44540.8,http://rna.bgsu.edu/img/MotifAtlas/IL1.18/IL_44540.8.png,2QWY,http://iimcb.genesilico.pl/rnabricks2//site_media//data/varna_images/170983_varna.jpg
>IL_44540.8,http://rna.bgsu.edu/img/MotifAtlas/IL1.18/IL_44540.8.png,1FJG,http://iimcb.genesilico.pl/rnabricks2//site_media//data/varna_images/84278_varna.jpg
>IL_44540.8,http://rna.bgsu.edu/img/MotifAtlas/IL1.18/IL_44540.8.png,3J7A,http://iimcb.genesilico.pl/rnabricks2//site_media//data/varna_images/73385_varna.jpg
>IL_44540.8,http://rna.bgsu.edu/img/MotifAtlas/IL1.18/IL_44540.8.png,1X8W,http://iimcb.genesilico.pl/rnabricks2//site_media//data/varna_images/48567_varna.jpg
>IL_44540.8,http://rna.bgsu.edu/img/MotifAtlas/IL1.18/IL_44540.8.png,3J7A,http://iimcb.genesilico.pl/rnabricks2//site_media//data/varna_images/73381_varna.jpg
>IL_44540.8,http://rna.bgsu.edu/img/MotifAtlas/IL1.18/IL_44540.8.png,3J7A,http://iimcb.genesilico.pl/rnabricks2//site_media//data/varna_images/73294_varna.jpg
>IL_44540.8,http://rna.bgsu.edu/img/MotifAtlas/IL1.18/IL_44540.8.png,3J7A,http://iimcb.genesilico.pl/rnabricks2//site_media//data/varna_images/73292_varna.jpg
>IL_44540.8,http://rna.bgsu.edu/img/MotifAtlas/IL1.18/IL_44540.8.png,1FJG,http://iimcb.genesilico.pl/rnabricks2//site_media//data/varna_images/84273_varna.jpg
>IL_45592.2,http://rna.bgsu.edu/img/MotifAtlas/IL1.18/IL_45592.2.png,3J7A,http://iimcb.genesilico.pl/rnabricks2//site_media//data/varna_images/73333_varna.jpg
>IL_45617.1,http://rna.bgsu.edu/img/MotifAtlas/IL1.18/IL_45617.1.png,1LNG,http://iimcb.genesilico.pl/rnabricks2//site_media//data/varna_images/96714_varna.jpg
>IL_46435.1,http://rna.bgsu.edu/img/MotifAtlas/IL1.18/IL_46435.1.png,1VBY,http://iimcb.genesilico.pl/rnabricks2//site_media//data/varna_images/63553_varna.jpg
>IL_47805.1,http://rna.bgsu.edu/img/MotifAtlas/IL1.18/IL_47805.1.png,4R0D,http://iimcb.genesilico.pl/rnabricks2//site_media//data/varna_images/81877_varna.jpg
>IL_48256.2,http://rna.bgsu.edu/img/MotifAtlas/IL1.18/IL_48256.2.png,3D2V,http://iimcb.genesilico.pl/rnabricks2//site_media//data/varna_images/37088_varna.jpg
>IL_48256.2,http://rna.bgsu.edu/img/MotifAtlas/IL1.18/IL_48256.2.png,1R3E,http://iimcb.genesilico.pl/rnabricks2//site_media//data/varna_images/12940_varna.jpg
>IL_48256.2,http://rna.bgsu.edu/img/MotifAtlas/IL1.18/IL_48256.2.png,3J7A,http://iimcb.genesilico.pl/rnabricks2//site_media//data/varna_images/73291_varna.jpg
>IL_48256.2,http://rna.bgsu.edu/img/MotifAtlas/IL1.18/IL_48256.2.png,2A64,http://iimcb.genesilico.pl/rnabricks2//site_media//data/varna_images/91693_varna.jpg
>IL_48256.2,http://rna.bgsu.edu/img/MotifAtlas/IL1.18/IL_48256.2.png,3W3S,http://iimcb.genesilico.pl/rnabricks2//site_media//data/varna_images/23747_varna.jpg
>IL_48256.2,http://rna.bgsu.edu/img/MotifAtlas/IL1.18/IL_48256.2.png,1FJG,http://iimcb.genesilico.pl/rnabricks2//site_media//data/varna_images/84347_varna.jpg
>IL_48256.2,http://rna.bgsu.edu/img/MotifAtlas/IL1.18/IL_48256.2.png,3WBM,http://iimcb.genesilico.pl/rnabricks2//site_media//data/varna_images/40556_varna.jpg
>IL_48256.2,http://rna.bgsu.edu/img/MotifAtlas/IL1.18/IL_48256.2.png,2C50,http://iimcb.genesilico.pl/rnabricks2//site_media//data/varna_images/88940_varna.jpg
>IL_48256.2,http://rna.bgsu.edu/img/MotifAtlas/IL1.18/IL_48256.2.png,1GID,http://iimcb.genesilico.pl/rnabricks2//site_media//data/varna_images/46092_varna.jpg
>IL_48256.2,http://rna.bgsu.edu/img/MotifAtlas/IL1.18/IL_48256.2.png,1FJG,http://iimcb.genesilico.pl/rnabricks2//site_media//data/varna_images/84305_varna.jpg
>IL_48256.2,http://rna.bgsu.edu/img/MotifAtlas/IL1.18/IL_48256.2.png,3J7A,http://iimcb.genesilico.pl/rnabricks2//site_media//data/varna_images/73364_varna.jpg
>IL_48256.2,http://rna.bgsu.edu/img/MotifAtlas/IL1.18/IL_48256.2.png,4B5R,http://iimcb.genesilico.pl/rnabricks2//site_media//data/varna_images/10271_varna.jpg
>IL_48256.2,http://rna.bgsu.edu/img/MotifAtlas/IL1.18/IL_48256.2.png,1R3E,http://iimcb.genesilico.pl/rnabricks2//site_media//data/varna_images/12940_varna.jpg
>IL_48256.2,http://rna.bgsu.edu/img/MotifAtlas/IL1.18/IL_48256.2.png,4IOA,http://iimcb.genesilico.pl/rnabricks2//site_media//data/varna_images/12638_varna.jpg
>IL_48256.2,http://rna.bgsu.edu/img/MotifAtlas/IL1.18/IL_48256.2.png,2BQ5,http://iimcb.genesilico.pl/rnabricks2//site_media//data/varna_images/11243_varna.jpg
>IL_48256.2,http://rna.bgsu.edu/img/MotifAtlas/IL1.18/IL_48256.2.png,3OWZ,http://iimcb.genesilico.pl/rnabricks2//site_media//data/varna_images/20997_varna.jpg
>IL_48256.2,http://rna.bgsu.edu/img/MotifAtlas/IL1.18/IL_48256.2.png,4IOA,http://iimcb.genesilico.pl/rnabricks2//site_media//data/varna_images/12646_varna.jpg
>IL_48256.2,http://rna.bgsu.edu/img/MotifAtlas/IL1.18/IL_48256.2.png,2ZY6,http://iimcb.genesilico.pl/rnabricks2//site_media//data/varna_images/174003_varna.jpg
>IL_48256.2,http://rna.bgsu.edu/img/MotifAtlas/IL1.18/IL_48256.2.png,1FJG,http://iimcb.genesilico.pl/rnabricks2//site_media//data/varna_images/84312_varna.jpg
>IL_48256.2,http://rna.bgsu.edu/img/MotifAtlas/IL1.18/IL_48256.2.png,2C4Z,http://iimcb.genesilico.pl/rnabricks2//site_media//data/varna_images/72851_varna.jpg
>IL_48256.2,http://rna.bgsu.edu/img/MotifAtlas/IL1.18/IL_48256.2.png,3J7A,http://iimcb.genesilico.pl/rnabricks2//site_media//data/varna_images/73401_varna.jpg
>IL_48256.2,http://rna.bgsu.edu/img/MotifAtlas/IL1.18/IL_48256.2.png,2IZ9,http://iimcb.genesilico.pl/rnabricks2//site_media//data/varna_images/148374_varna.jpg
>IL_48256.2,http://rna.bgsu.edu/img/MotifAtlas/IL1.18/IL_48256.2.png,2OIU,http://iimcb.genesilico.pl/rnabricks2//site_media//data/varna_images/21066_varna.jpg
>IL_48256.2,http://rna.bgsu.edu/img/MotifAtlas/IL1.18/IL_48256.2.png,4C7O,http://iimcb.genesilico.pl/rnabricks2//site_media//data/varna_images/96623_varna.jpg
>IL_48256.2,http://rna.bgsu.edu/img/MotifAtlas/IL1.18/IL_48256.2.png,1S03,http://iimcb.genesilico.pl/rnabricks2//site_media//data/varna_images/54593_varna.jpg
>IL_48256.2,http://rna.bgsu.edu/img/MotifAtlas/IL1.18/IL_48256.2.png,3J7A,http://iimcb.genesilico.pl/rnabricks2//site_media//data/varna_images/73365_varna.jpg
>IL_48256.2,http://rna.bgsu.edu/img/MotifAtlas/IL1.18/IL_48256.2.png,3D0U,http://iimcb.genesilico.pl/rnabricks2//site_media//data/varna_images/87200_varna.jpg
>IL_48256.2,http://rna.bgsu.edu/img/MotifAtlas/IL1.18/IL_48256.2.png,3B31,http://iimcb.genesilico.pl/rnabricks2//site_media//data/varna_images/50894_varna.jpg
>IL_48256.2,http://rna.bgsu.edu/img/MotifAtlas/IL1.18/IL_48256.2.png,4IOA,http://iimcb.genesilico.pl/rnabricks2//site_media//data/varna_images/12576_varna.jpg
>IL_48256.2,http://rna.bgsu.edu/img/MotifAtlas/IL1.18/IL_48256.2.png,4KZD,http://iimcb.genesilico.pl/rnabricks2//site_media//data/varna_images/169741_varna.jpg
>IL_48256.2,http://rna.bgsu.edu/img/MotifAtlas/IL1.18/IL_48256.2.png,4IOA,http://iimcb.genesilico.pl/rnabricks2//site_media//data/varna_images/12674_varna.jpg
>IL_48256.2,http://rna.bgsu.edu/img/MotifAtlas/IL1.18/IL_48256.2.png,4IOA,http://iimcb.genesilico.pl/rnabricks2//site_media//data/varna_images/12570_varna.jpg
>IL_48256.2,http://rna.bgsu.edu/img/MotifAtlas/IL1.18/IL_48256.2.png,3OWZ,http://iimcb.genesilico.pl/rnabricks2//site_media//data/varna_images/20997_varna.jpg
>IL_48256.2,http://rna.bgsu.edu/img/MotifAtlas/IL1.18/IL_48256.2.png,4LGT,http://iimcb.genesilico.pl/rnabricks2//site_media//data/varna_images/103287_varna.jpg
>IL_48256.2,http://rna.bgsu.edu/img/MotifAtlas/IL1.18/IL_48256.2.png,1FJG,http://iimcb.genesilico.pl/rnabricks2//site_media//data/varna_images/84286_varna.jpg
>IL_48256.2,http://rna.bgsu.edu/img/MotifAtlas/IL1.18/IL_48256.2.png,1FJG,http://iimcb.genesilico.pl/rnabricks2//site_media//data/varna_images/84322_varna.jpg
>IL_48256.2,http://rna.bgsu.edu/img/MotifAtlas/IL1.18/IL_48256.2.png,1FJG,http://iimcb.genesilico.pl/rnabricks2//site_media//data/varna_images/84355_varna.jpg
>IL_48256.2,http://rna.bgsu.edu/img/MotifAtlas/IL1.18/IL_48256.2.png,1GID,http://iimcb.genesilico.pl/rnabricks2//site_media//data/varna_images/46095_varna.jpg
>IL_48256.2,http://rna.bgsu.edu/img/MotifAtlas/IL1.18/IL_48256.2.png,4IOA,http://iimcb.genesilico.pl/rnabricks2//site_media//data/varna_images/12696_varna.jpg
>IL_48256.2,http://rna.bgsu.edu/img/MotifAtlas/IL1.18/IL_48256.2.png,3J7A,http://iimcb.genesilico.pl/rnabricks2//site_media//data/varna_images/73393_varna.jpg
>IL_48256.2,http://rna.bgsu.edu/img/MotifAtlas/IL1.18/IL_48256.2.png,1MFQ,http://iimcb.genesilico.pl/rnabricks2//site_media//data/varna_images/162856_varna.jpg
>IL_48256.2,http://rna.bgsu.edu/img/MotifAtlas/IL1.18/IL_48256.2.png,1NBS,http://iimcb.genesilico.pl/rnabricks2//site_media//data/varna_images/23712_varna.jpg
>IL_48918.3,http://rna.bgsu.edu/img/MotifAtlas/IL1.18/IL_48918.3.png,4B5R,http://iimcb.genesilico.pl/rnabricks2//site_media//data/varna_images/10275_varna.jpg
>IL_48918.3,http://rna.bgsu.edu/img/MotifAtlas/IL1.18/IL_48918.3.png,4BW0,http://iimcb.genesilico.pl/rnabricks2//site_media//data/varna_images/79218_varna.jpg
>IL_48918.3,http://rna.bgsu.edu/img/MotifAtlas/IL1.18/IL_48918.3.png,4IOA,http://iimcb.genesilico.pl/rnabricks2//site_media//data/varna_images/12613_varna.jpg
>IL_49493.8,http://rna.bgsu.edu/img/MotifAtlas/IL1.18/IL_49493.8.png,3DVZ,http://iimcb.genesilico.pl/rnabricks2//site_media//data/varna_images/32019_varna.jpg
>IL_49493.8,http://rna.bgsu.edu/img/MotifAtlas/IL1.18/IL_49493.8.png,4IOA,http://iimcb.genesilico.pl/rnabricks2//site_media//data/varna_images/12666_varna.jpg
>IL_50521.1,http://rna.bgsu.edu/img/MotifAtlas/IL1.18/IL_50521.1.png,1FJG,http://iimcb.genesilico.pl/rnabricks2//site_media//data/varna_images/84311_varna.jpg
>IL_52610.1,http://rna.bgsu.edu/img/MotifAtlas/IL1.18/IL_52610.1.png,4IOA,http://iimcb.genesilico.pl/rnabricks2//site_media//data/varna_images/12630_varna.jpg
>IL_52940.1,http://rna.bgsu.edu/img/MotifAtlas/IL1.18/IL_52940.1.png,1FJG,http://iimcb.genesilico.pl/rnabricks2//site_media//data/varna_images/84255_varna.jpg
>IL_57977.1,http://rna.bgsu.edu/img/MotifAtlas/IL1.18/IL_57977.1.png,1OOA,http://iimcb.genesilico.pl/rnabricks2//site_media//data/varna_images/160302_varna.jpg
>IL_58203.1,http://rna.bgsu.edu/img/MotifAtlas/IL1.18/IL_58203.1.png,1X8W,http://iimcb.genesilico.pl/rnabricks2//site_media//data/varna_images/48453_varna.jpg
>IL_58261.2,http://rna.bgsu.edu/img/MotifAtlas/IL1.18/IL_58261.2.png,3J7A,http://iimcb.genesilico.pl/rnabricks2//site_media//data/varna_images/73316_varna.jpg
>IL_60760.2,http://rna.bgsu.edu/img/MotifAtlas/IL1.18/IL_60760.2.png,4M4O,http://iimcb.genesilico.pl/rnabricks2//site_media//data/varna_images/27226_varna.jpg
>IL_60760.2,http://rna.bgsu.edu/img/MotifAtlas/IL1.18/IL_60760.2.png,4M6D,http://iimcb.genesilico.pl/rnabricks2//site_media//data/varna_images/24023_varna.jpg
>IL_62499.10,http://rna.bgsu.edu/img/MotifAtlas/IL1.18/IL_62499.10.png,1FJG,http://iimcb.genesilico.pl/rnabricks2//site_media//data/varna_images/84249_varna.jpg
>IL_62499.10,http://rna.bgsu.edu/img/MotifAtlas/IL1.18/IL_62499.10.png,1XJR,http://iimcb.genesilico.pl/rnabricks2//site_media//data/varna_images/5759_varna.jpg
>IL_63952.1,http://rna.bgsu.edu/img/MotifAtlas/IL1.18/IL_63952.1.png,1FJG,http://iimcb.genesilico.pl/rnabricks2//site_media//data/varna_images/84277_varna.jpg
>IL_64847.2,http://rna.bgsu.edu/img/MotifAtlas/IL1.18/IL_64847.2.png,4IOA,http://iimcb.genesilico.pl/rnabricks2//site_media//data/varna_images/12538_varna.jpg
>IL_64847.2,http://rna.bgsu.edu/img/MotifAtlas/IL1.18/IL_64847.2.png,4IOA,http://iimcb.genesilico.pl/rnabricks2//site_media//data/varna_images/12634_varna.jpg
>IL_64847.2,http://rna.bgsu.edu/img/MotifAtlas/IL1.18/IL_64847.2.png,4IOA,http://iimcb.genesilico.pl/rnabricks2//site_media//data/varna_images/12632_varna.jpg
>IL_65137.1,http://rna.bgsu.edu/img/MotifAtlas/IL1.18/IL_65137.1.png,1GID,http://iimcb.genesilico.pl/rnabricks2//site_media//data/varna_images/46089_varna.jpg
>IL_65137.1,http://rna.bgsu.edu/img/MotifAtlas/IL1.18/IL_65137.1.png,1GID,http://iimcb.genesilico.pl/rnabricks2//site_media//data/varna_images/46089_varna.jpg
>IL_65553.12,http://rna.bgsu.edu/img/MotifAtlas/IL1.18/IL_65553.12.png,4IOA,http://iimcb.genesilico.pl/rnabricks2//site_media//data/varna_images/12688_varna.jpg
>IL_65553.12,http://rna.bgsu.edu/img/MotifAtlas/IL1.18/IL_65553.12.png,4AOB,http://iimcb.genesilico.pl/rnabricks2//site_media//data/varna_images/97486_varna.jpg
>IL_65553.12,http://rna.bgsu.edu/img/MotifAtlas/IL1.18/IL_65553.12.png,3J7A,http://iimcb.genesilico.pl/rnabricks2//site_media//data/varna_images/73314_varna.jpg
>IL_66381.1,http://rna.bgsu.edu/img/MotifAtlas/IL1.18/IL_66381.1.png,4IOA,http://iimcb.genesilico.pl/rnabricks2//site_media//data/varna_images/12575_varna.jpg
>IL_66381.1,http://rna.bgsu.edu/img/MotifAtlas/IL1.18/IL_66381.1.png,4IOA,http://iimcb.genesilico.pl/rnabricks2//site_media//data/varna_images/12651_varna.jpg
>IL_67038.1,http://rna.bgsu.edu/img/MotifAtlas/IL1.18/IL_67038.1.png,4IOA,http://iimcb.genesilico.pl/rnabricks2//site_media//data/varna_images/12655_varna.jpg
>IL_67828.2,http://rna.bgsu.edu/img/MotifAtlas/IL1.18/IL_67828.2.png,4IOA,http://iimcb.genesilico.pl/rnabricks2//site_media//data/varna_images/12571_varna.jpg
>IL_67828.2,http://rna.bgsu.edu/img/MotifAtlas/IL1.18/IL_67828.2.png,4IOA,http://iimcb.genesilico.pl/rnabricks2//site_media//data/varna_images/12653_varna.jpg
>IL_67828.2,http://rna.bgsu.edu/img/MotifAtlas/IL1.18/IL_67828.2.png,4IOA,http://iimcb.genesilico.pl/rnabricks2//site_media//data/varna_images/12640_varna.jpg
>IL_67828.2,http://rna.bgsu.edu/img/MotifAtlas/IL1.18/IL_67828.2.png,4GMA,http://iimcb.genesilico.pl/rnabricks2//site_media//data/varna_images/76942_varna.jpg
>IL_67828.2,http://rna.bgsu.edu/img/MotifAtlas/IL1.18/IL_67828.2.png,4IOA,http://iimcb.genesilico.pl/rnabricks2//site_media//data/varna_images/12523_varna.jpg
>IL_67828.2,http://rna.bgsu.edu/img/MotifAtlas/IL1.18/IL_67828.2.png,1O9M,http://iimcb.genesilico.pl/rnabricks2//site_media//data/varna_images/63525_varna.jpg
>IL_67828.2,http://rna.bgsu.edu/img/MotifAtlas/IL1.18/IL_67828.2.png,4C7O,http://iimcb.genesilico.pl/rnabricks2//site_media//data/varna_images/96624_varna.jpg
>IL_67828.2,http://rna.bgsu.edu/img/MotifAtlas/IL1.18/IL_67828.2.png,4IOA,http://iimcb.genesilico.pl/rnabricks2//site_media//data/varna_images/12656_varna.jpg
>IL_67828.2,http://rna.bgsu.edu/img/MotifAtlas/IL1.18/IL_67828.2.png,3T4B,http://iimcb.genesilico.pl/rnabricks2//site_media//data/varna_images/183627_varna.jpg
>IL_67828.2,http://rna.bgsu.edu/img/MotifAtlas/IL1.18/IL_67828.2.png,2QWY,http://iimcb.genesilico.pl/rnabricks2//site_media//data/varna_images/170981_varna.jpg
>IL_68139.1,http://rna.bgsu.edu/img/MotifAtlas/IL1.18/IL_68139.1.png,2OZB,http://iimcb.genesilico.pl/rnabricks2//site_media//data/varna_images/25212_varna.jpg
>IL_68638.1,http://rna.bgsu.edu/img/MotifAtlas/IL1.18/IL_68638.1.png,1U9S,http://iimcb.genesilico.pl/rnabricks2//site_media//data/varna_images/94747_varna.jpg
>IL_68638.1,http://rna.bgsu.edu/img/MotifAtlas/IL1.18/IL_68638.1.png,4IOA,http://iimcb.genesilico.pl/rnabricks2//site_media//data/varna_images/12541_varna.jpg
>IL_68638.1,http://rna.bgsu.edu/img/MotifAtlas/IL1.18/IL_68638.1.png,1KXK,http://iimcb.genesilico.pl/rnabricks2//site_media//data/varna_images/1062_varna.jpg
>IL_68859.1,http://rna.bgsu.edu/img/MotifAtlas/IL1.18/IL_68859.1.png,3J7A,http://iimcb.genesilico.pl/rnabricks2//site_media//data/varna_images/73286_varna.jpg
>IL_68859.1,http://rna.bgsu.edu/img/MotifAtlas/IL1.18/IL_68859.1.png,3J7A,http://iimcb.genesilico.pl/rnabricks2//site_media//data/varna_images/73329_varna.jpg
>IL_69482.1,http://rna.bgsu.edu/img/MotifAtlas/IL1.18/IL_69482.1.png,4IOA,http://iimcb.genesilico.pl/rnabricks2//site_media//data/varna_images/12521_varna.jpg
>IL_69536.5,http://rna.bgsu.edu/img/MotifAtlas/IL1.18/IL_69536.5.png,4IOA,http://iimcb.genesilico.pl/rnabricks2//site_media//data/varna_images/12706_varna.jpg
>IL_70401.1,http://rna.bgsu.edu/img/MotifAtlas/IL1.18/IL_70401.1.png,4M4O,http://iimcb.genesilico.pl/rnabricks2//site_media//data/varna_images/27225_varna.jpg
>IL_71229.2,http://rna.bgsu.edu/img/MotifAtlas/IL1.18/IL_71229.2.png,4IOA,http://iimcb.genesilico.pl/rnabricks2//site_media//data/varna_images/12659_varna.jpg
>IL_72032.1,http://rna.bgsu.edu/img/MotifAtlas/IL1.18/IL_72032.1.png,1J2B,http://iimcb.genesilico.pl/rnabricks2//site_media//data/varna_images/6376_varna.jpg
>IL_72032.1,http://rna.bgsu.edu/img/MotifAtlas/IL1.18/IL_72032.1.png,1MFQ,http://iimcb.genesilico.pl/rnabricks2//site_media//data/varna_images/162858_varna.jpg
>IL_72158.7,http://rna.bgsu.edu/img/MotifAtlas/IL1.18/IL_72158.7.png,4IOA,http://iimcb.genesilico.pl/rnabricks2//site_media//data/varna_images/12558_varna.jpg
>IL_73000.4,http://rna.bgsu.edu/img/MotifAtlas/IL1.18/IL_73000.4.png,3UCZ,http://iimcb.genesilico.pl/rnabricks2//site_media//data/varna_images/69167_varna.jpg
>IL_73276.9,http://rna.bgsu.edu/img/MotifAtlas/IL1.18/IL_73276.9.png,1KOG,http://iimcb.genesilico.pl/rnabricks2//site_media//data/varna_images/7633_varna.jpg
>IL_73276.9,http://rna.bgsu.edu/img/MotifAtlas/IL1.18/IL_73276.9.png,4JRC,http://iimcb.genesilico.pl/rnabricks2//site_media//data/varna_images/176153_varna.jpg
>IL_73276.9,http://rna.bgsu.edu/img/MotifAtlas/IL1.18/IL_73276.9.png,4IOA,http://iimcb.genesilico.pl/rnabricks2//site_media//data/varna_images/12663_varna.jpg
>IL_73276.9,http://rna.bgsu.edu/img/MotifAtlas/IL1.18/IL_73276.9.png,1FJG,http://iimcb.genesilico.pl/rnabricks2//site_media//data/varna_images/84338_varna.jpg
>IL_73276.9,http://rna.bgsu.edu/img/MotifAtlas/IL1.18/IL_73276.9.png,4IOA,http://iimcb.genesilico.pl/rnabricks2//site_media//data/varna_images/12685_varna.jpg
>IL_73276.9,http://rna.bgsu.edu/img/MotifAtlas/IL1.18/IL_73276.9.png,1FJG,http://iimcb.genesilico.pl/rnabricks2//site_media//data/varna_images/84266_varna.jpg
>IL_74462.1,http://rna.bgsu.edu/img/MotifAtlas/IL1.18/IL_74462.1.png,4IOA,http://iimcb.genesilico.pl/rnabricks2//site_media//data/varna_images/12610_varna.jpg
>IL_75328.1,http://rna.bgsu.edu/img/MotifAtlas/IL1.18/IL_75328.1.png,3Q1Q,http://iimcb.genesilico.pl/rnabricks2//site_media//data/varna_images/168589_varna.jpg
>IL_75415.1,http://rna.bgsu.edu/img/MotifAtlas/IL1.18/IL_75415.1.png,3R4F,http://iimcb.genesilico.pl/rnabricks2//site_media//data/varna_images/16046_varna.jpg
>IL_75508.1,http://rna.bgsu.edu/img/MotifAtlas/IL1.18/IL_75508.1.png,3Q1Q,http://iimcb.genesilico.pl/rnabricks2//site_media//data/varna_images/168587_varna.jpg
>IL_75951.1,http://rna.bgsu.edu/img/MotifAtlas/IL1.18/IL_75951.1.png,4N0T,http://iimcb.genesilico.pl/rnabricks2//site_media//data/varna_images/23436_varna.jpg
>IL_76095.3,http://rna.bgsu.edu/img/MotifAtlas/IL1.18/IL_76095.3.png,1M5O,http://iimcb.genesilico.pl/rnabricks2//site_media//data/varna_images/2121_varna.jpg
>IL_77263.3,http://rna.bgsu.edu/img/MotifAtlas/IL1.18/IL_77263.3.png,1E7K,http://iimcb.genesilico.pl/rnabricks2//site_media//data/varna_images/174657_varna.jpg
>IL_77263.3,http://rna.bgsu.edu/img/MotifAtlas/IL1.18/IL_77263.3.png,4TZZ,http://iimcb.genesilico.pl/rnabricks2//site_media//data/varna_images/18071_varna.jpg
>IL_77296.1,http://rna.bgsu.edu/img/MotifAtlas/IL1.18/IL_77296.1.png,4FAW,http://iimcb.genesilico.pl/rnabricks2//site_media//data/varna_images/40296_varna.jpg
>IL_77382.1,http://rna.bgsu.edu/img/MotifAtlas/IL1.18/IL_77382.1.png,1FJG,http://iimcb.genesilico.pl/rnabricks2//site_media//data/varna_images/84168_varna.jpg
>IL_77862.1,http://rna.bgsu.edu/img/MotifAtlas/IL1.18/IL_77862.1.png,3J7A,http://iimcb.genesilico.pl/rnabricks2//site_media//data/varna_images/73335_varna.jpg
>IL_77895.1,http://rna.bgsu.edu/img/MotifAtlas/IL1.18/IL_77895.1.png,1FJG,http://iimcb.genesilico.pl/rnabricks2//site_media//data/varna_images/84247_varna.jpg
>IL_77895.1,http://rna.bgsu.edu/img/MotifAtlas/IL1.18/IL_77895.1.png,2QWY,http://iimcb.genesilico.pl/rnabricks2//site_media//data/varna_images/170982_varna.jpg
>IL_77895.1,http://rna.bgsu.edu/img/MotifAtlas/IL1.18/IL_77895.1.png,3J7A,http://iimcb.genesilico.pl/rnabricks2//site_media//data/varna_images/73323_varna.jpg
>IL_79910.1,http://rna.bgsu.edu/img/MotifAtlas/IL1.18/IL_79910.1.png,4FAW,http://iimcb.genesilico.pl/rnabricks2//site_media//data/varna_images/40297_varna.jpg
>IL_81587.1,http://rna.bgsu.edu/img/MotifAtlas/IL1.18/IL_81587.1.png,3J7A,http://iimcb.genesilico.pl/rnabricks2//site_media//data/varna_images/73346_varna.jpg
>IL_82188.5,http://rna.bgsu.edu/img/MotifAtlas/IL1.18/IL_82188.5.png,2QBZ,http://iimcb.genesilico.pl/rnabricks2//site_media//data/varna_images/164811_varna.jpg
>IL_82822.2,http://rna.bgsu.edu/img/MotifAtlas/IL1.18/IL_82822.2.png,4FAW,http://iimcb.genesilico.pl/rnabricks2//site_media//data/varna_images/40300_varna.jpg
>IL_82822.2,http://rna.bgsu.edu/img/MotifAtlas/IL1.18/IL_82822.2.png,3J7A,http://iimcb.genesilico.pl/rnabricks2//site_media//data/varna_images/73340_varna.jpg
>IL_82822.2,http://rna.bgsu.edu/img/MotifAtlas/IL1.18/IL_82822.2.png,4C7O,http://iimcb.genesilico.pl/rnabricks2//site_media//data/varna_images/96626_varna.jpg
>IL_83339.1,http://rna.bgsu.edu/img/MotifAtlas/IL1.18/IL_83339.1.png,1QA6,http://iimcb.genesilico.pl/rnabricks2//site_media//data/varna_images/45280_varna.jpg
>IL_85647.7,http://rna.bgsu.edu/img/MotifAtlas/IL1.18/IL_85647.7.png,4IOA,http://iimcb.genesilico.pl/rnabricks2//site_media//data/varna_images/12581_varna.jpg
>IL_85647.7,http://rna.bgsu.edu/img/MotifAtlas/IL1.18/IL_85647.7.png,4IOA,http://iimcb.genesilico.pl/rnabricks2//site_media//data/varna_images/12519_varna.jpg
>IL_92602.2,http://rna.bgsu.edu/img/MotifAtlas/IL1.18/IL_92602.2.png,4IOA,http://iimcb.genesilico.pl/rnabricks2//site_media//data/varna_images/12527_varna.jpg
>IL_92602.2,http://rna.bgsu.edu/img/MotifAtlas/IL1.18/IL_92602.2.png,3UMY,http://iimcb.genesilico.pl/rnabricks2//site_media//data/varna_images/47811_varna.jpg
>IL_92602.2,http://rna.bgsu.edu/img/MotifAtlas/IL1.18/IL_92602.2.png,4M4O,http://iimcb.genesilico.pl/rnabricks2//site_media//data/varna_images/27230_varna.jpg
>IL_92602.2,http://rna.bgsu.edu/img/MotifAtlas/IL1.18/IL_92602.2.png,3J7A,http://iimcb.genesilico.pl/rnabricks2//site_media//data/varna_images/73306_varna.jpg
>IL_92602.2,http://rna.bgsu.edu/img/MotifAtlas/IL1.18/IL_92602.2.png,1MFQ,http://iimcb.genesilico.pl/rnabricks2//site_media//data/varna_images/162857_varna.jpg
>IL_92602.2,http://rna.bgsu.edu/img/MotifAtlas/IL1.18/IL_92602.2.png,1FJG,http://iimcb.genesilico.pl/rnabricks2//site_media//data/varna_images/84271_varna.jpg
>IL_92602.2,http://rna.bgsu.edu/img/MotifAtlas/IL1.18/IL_92602.2.png,4IOA,http://iimcb.genesilico.pl/rnabricks2//site_media//data/varna_images/12677_varna.jpg
>IL_92602.2,http://rna.bgsu.edu/img/MotifAtlas/IL1.18/IL_92602.2.png,4M4O,http://iimcb.genesilico.pl/rnabricks2//site_media//data/varna_images/27229_varna.jpg
>IL_92602.2,http://rna.bgsu.edu/img/MotifAtlas/IL1.18/IL_92602.2.png,1MZP,http://iimcb.genesilico.pl/rnabricks2//site_media//data/varna_images/160323_varna.jpg
>IL_92602.2,http://rna.bgsu.edu/img/MotifAtlas/IL1.18/IL_92602.2.png,1U9S,http://iimcb.genesilico.pl/rnabricks2//site_media//data/varna_images/94756_varna.jpg
>IL_92602.2,http://rna.bgsu.edu/img/MotifAtlas/IL1.18/IL_92602.2.png,3J7A,http://iimcb.genesilico.pl/rnabricks2//site_media//data/varna_images/73289_varna.jpg
>IL_92602.2,http://rna.bgsu.edu/img/MotifAtlas/IL1.18/IL_92602.2.png,4IOA,http://iimcb.genesilico.pl/rnabricks2//site_media//data/varna_images/12562_varna.jpg
>IL_92602.2,http://rna.bgsu.edu/img/MotifAtlas/IL1.18/IL_92602.2.png,3IVK,http://iimcb.genesilico.pl/rnabricks2//site_media//data/varna_images/9988_varna.jpg
>IL_92602.2,http://rna.bgsu.edu/img/MotifAtlas/IL1.18/IL_92602.2.png,1FJG,http://iimcb.genesilico.pl/rnabricks2//site_media//data/varna_images/84310_varna.jpg
>IL_92602.2,http://rna.bgsu.edu/img/MotifAtlas/IL1.18/IL_92602.2.png,1FJG,http://iimcb.genesilico.pl/rnabricks2//site_media//data/varna_images/84296_varna.jpg
>IL_92602.2,http://rna.bgsu.edu/img/MotifAtlas/IL1.18/IL_92602.2.png,3J7A,http://iimcb.genesilico.pl/rnabricks2//site_media//data/varna_images/73373_varna.jpg
>IL_92602.2,http://rna.bgsu.edu/img/MotifAtlas/IL1.18/IL_92602.2.png,1MFQ,http://iimcb.genesilico.pl/rnabricks2//site_media//data/varna_images/162862_varna.jpg
>IL_92602.2,http://rna.bgsu.edu/img/MotifAtlas/IL1.18/IL_92602.2.png,1U6B,http://iimcb.genesilico.pl/rnabricks2//site_media//data/varna_images/26750_varna.jpg
>IL_92602.2,http://rna.bgsu.edu/img/MotifAtlas/IL1.18/IL_92602.2.png,4IOA,http://iimcb.genesilico.pl/rnabricks2//site_media//data/varna_images/12605_varna.jpg
>IL_92602.2,http://rna.bgsu.edu/img/MotifAtlas/IL1.18/IL_92602.2.png,4IOA,http://iimcb.genesilico.pl/rnabricks2//site_media//data/varna_images/12650_varna.jpg
>IL_92602.2,http://rna.bgsu.edu/img/MotifAtlas/IL1.18/IL_92602.2.png,1O9M,http://iimcb.genesilico.pl/rnabricks2//site_media//data/varna_images/63525_varna.jpg
>IL_92942.1,http://rna.bgsu.edu/img/MotifAtlas/IL1.18/IL_92942.1.png,4KQY,http://iimcb.genesilico.pl/rnabricks2//site_media//data/varna_images/134803_varna.jpg
>IL_93424.8,http://rna.bgsu.edu/img/MotifAtlas/IL1.18/IL_93424.8.png,4IOA,http://iimcb.genesilico.pl/rnabricks2//site_media//data/varna_images/12644_varna.jpg
>IL_93424.8,http://rna.bgsu.edu/img/MotifAtlas/IL1.18/IL_93424.8.png,2XXA,http://iimcb.genesilico.pl/rnabricks2//site_media//data/varna_images/40594_varna.jpg
>IL_93424.8,http://rna.bgsu.edu/img/MotifAtlas/IL1.18/IL_93424.8.png,1X8W,http://iimcb.genesilico.pl/rnabricks2//site_media//data/varna_images/48573_varna.jpg
>IL_93568.6,http://rna.bgsu.edu/img/MotifAtlas/IL1.18/IL_93568.6.png,1FJG,http://iimcb.genesilico.pl/rnabricks2//site_media//data/varna_images/84329_varna.jpg
>IL_93855.1,http://rna.bgsu.edu/img/MotifAtlas/IL1.18/IL_93855.1.png,4QK8,http://iimcb.genesilico.pl/rnabricks2//site_media//data/varna_images/3787_varna.jpg
>IL_94403.7,http://rna.bgsu.edu/img/MotifAtlas/IL1.18/IL_94403.7.png,3UMY,http://iimcb.genesilico.pl/rnabricks2//site_media//data/varna_images/47812_varna.jpg
>IL_94403.7,http://rna.bgsu.edu/img/MotifAtlas/IL1.18/IL_94403.7.png,4JRC,http://iimcb.genesilico.pl/rnabricks2//site_media//data/varna_images/176160_varna.jpg
>IL_94973.1,http://rna.bgsu.edu/img/MotifAtlas/IL1.18/IL_94973.1.png,4FAW,http://iimcb.genesilico.pl/rnabricks2//site_media//data/varna_images/40290_varna.jpg
>IL_95652.6,http://rna.bgsu.edu/img/MotifAtlas/IL1.18/IL_95652.6.png,1FJG,http://iimcb.genesilico.pl/rnabricks2//site_media//data/varna_images/84258_varna.jpg
>IL_95652.6,http://rna.bgsu.edu/img/MotifAtlas/IL1.18/IL_95652.6.png,3J7A,http://iimcb.genesilico.pl/rnabricks2//site_media//data/varna_images/73287_varna.jpg
>IL_96446.1,http://rna.bgsu.edu/img/MotifAtlas/IL1.18/IL_96446.1.png,4GXY,http://iimcb.genesilico.pl/rnabricks2//site_media//data/varna_images/87160_varna.jpg
>IL_98016.2,http://rna.bgsu.edu/img/MotifAtlas/IL1.18/IL_98016.2.png,4IOA,http://iimcb.genesilico.pl/rnabricks2//site_media//data/varna_images/12606_varna.jpg
>IL_98016.2,http://rna.bgsu.edu/img/MotifAtlas/IL1.18/IL_98016.2.png,1KXK,http://iimcb.genesilico.pl/rnabricks2//site_media//data/varna_images/1064_varna.jpg
>IL_99937.1,http://rna.bgsu.edu/img/MotifAtlas/IL1.18/IL_99937.1.png,3Q1Q,http://iimcb.genesilico.pl/rnabricks2//site_media//data/varna_images/168585_varna.jpg
